Date,Start (ET),Visitor/Neutral,PTS,Home/Neutral,PTS,,,Attend.,Arena,Notes
"Tue, Oct 24, 2023",7:30p,Los Angeles Lakers,,Denver Nuggets,,,,,Ball Arena,
"Tue, Oct 24, 2023",10:00p,Phoenix Suns,,Golden State Warriors,,,,,Chase Center,
"Wed, Oct 25, 2023",7:00p,Houston Rockets,,Orlando Magic,,,,,Amway Center,
"Wed, Oct 25, 2023",7:00p,Boston Celtics,,New York Knicks,,,,,Madison Square Garden (IV),
"Wed, Oct 25, 2023",7:00p,Washington Wizards,,Indiana Pacers,,,,,Gainbridge Fieldhouse,
"Wed, Oct 25, 2023",7:00p,Atlanta Hawks,,Charlotte Hornets,,,,,Spectrum Center,
"Wed, Oct 25, 2023",7:30p,Detroit Pistons,,Miami Heat,,,,,Kaseya Center,
"Wed, Oct 25, 2023",7:30p,Minnesota Timberwolves,,Toronto Raptors,,,,,Scotiabank Arena,
"Wed, Oct 25, 2023",7:30p,Cleveland Cavaliers,,Brooklyn Nets,,,,,Barclays Center,
"Wed, Oct 25, 2023",8:00p,New Orleans Pelicans,,Memphis Grizzlies,,,,,FedEx Forum,
"Wed, Oct 25, 2023",8:00p,Oklahoma City Thunder,,Chicago Bulls,,,,,United Center,
"Wed, Oct 25, 2023",9:00p,Sacramento Kings,,Utah Jazz,,,,,Delta Center,
"Wed, Oct 25, 2023",9:30p,Dallas Mavericks,,San Antonio Spurs,,,,,AT&T Center,
"Wed, Oct 25, 2023",10:30p,Portland Trail Blazers,,Los Angeles Clippers,,,,,Crypto.com Arena,
"Thu, Oct 26, 2023",7:30p,Philadelphia 76ers,,Milwaukee Bucks,,,,,Fiserv Forum,
"Thu, Oct 26, 2023",10:00p,Phoenix Suns,,Los Angeles Lakers,,,,,Crypto.com Arena,
"Fri, Oct 27, 2023",7:00p,Denver Nuggets,,Memphis Grizzlies,,,,,FedEx Forum,
"Fri, Oct 27, 2023",7:00p,Detroit Pistons,,Charlotte Hornets,,,,,Spectrum Center,
"Fri, Oct 27, 2023",7:30p,New York Knicks,,Atlanta Hawks,,,,,State Farm Arena,
"Fri, Oct 27, 2023",7:30p,Oklahoma City Thunder,,Cleveland Cavaliers,,,,,Rocket Mortgage Fieldhouse,
"Fri, Oct 27, 2023",7:30p,Miami Heat,,Boston Celtics,,,,,TD Garden,
"Fri, Oct 27, 2023",8:00p,Toronto Raptors,,Chicago Bulls,,,,,United Center,
"Fri, Oct 27, 2023",8:00p,Houston Rockets,,San Antonio Spurs,,,,,AT&T Center,
"Fri, Oct 27, 2023",8:30p,Brooklyn Nets,,Dallas Mavericks,,,,,American Airlines Center,
"Fri, Oct 27, 2023",9:30p,Los Angeles Clippers,,Utah Jazz,,,,,Delta Center,
"Fri, Oct 27, 2023",10:00p,Orlando Magic,,Portland Trail Blazers,,,,,Moda Center,
"Fri, Oct 27, 2023",10:00p,Golden State Warriors,,Sacramento Kings,,,,,Golden 1 Center,
"Sat, Oct 28, 2023",7:00p,Chicago Bulls,,Detroit Pistons,,,,,Little Caesars Arena,
"Sat, Oct 28, 2023",7:00p,Memphis Grizzlies,,Washington Wizards,,,,,Capital One Arena,
"Sat, Oct 28, 2023",7:00p,New York Knicks,,New Orleans Pelicans,,,,,Smoothie King Center,
"Sat, Oct 28, 2023",7:30p,Indiana Pacers,,Cleveland Cavaliers,,,,,Rocket Mortgage Fieldhouse,
"Sat, Oct 28, 2023",7:30p,Philadelphia 76ers,,Toronto Raptors,,,,,Scotiabank Arena,
"Sat, Oct 28, 2023",8:00p,Miami Heat,,Minnesota Timberwolves,,,,,Target Center,
"Sat, Oct 28, 2023",10:00p,Utah Jazz,,Phoenix Suns,,,,,Footprint Center,
"Sun, Oct 29, 2023",3:30p,Denver Nuggets,,Oklahoma City Thunder,,,,,Paycom Center,
"Sun, Oct 29, 2023",7:00p,Golden State Warriors,,Houston Rockets,,,,,Toyota Center,
"Sun, Oct 29, 2023",7:00p,Atlanta Hawks,,Milwaukee Bucks,,,,,Fiserv Forum,
"Sun, Oct 29, 2023",7:30p,Portland Trail Blazers,,Philadelphia 76ers,,,,,Wells Fargo Center,
"Sun, Oct 29, 2023",9:00p,San Antonio Spurs,,Los Angeles Clippers,,,,,Crypto.com Arena,
"Sun, Oct 29, 2023",9:00p,Los Angeles Lakers,,Sacramento Kings,,,,,Golden 1 Center,
"Mon, Oct 30, 2023",7:00p,Chicago Bulls,,Indiana Pacers,,,,,Gainbridge Fieldhouse,
"Mon, Oct 30, 2023",7:00p,Boston Celtics,,Washington Wizards,,,,,Capital One Arena,
"Mon, Oct 30, 2023",7:00p,Brooklyn Nets,,Charlotte Hornets,,,,,Spectrum Center,
"Mon, Oct 30, 2023",7:30p,Portland Trail Blazers,,Toronto Raptors,,,,,Scotiabank Arena,
"Mon, Oct 30, 2023",7:30p,Minnesota Timberwolves,,Atlanta Hawks,,,,,State Farm Arena,
"Mon, Oct 30, 2023",8:00p,Dallas Mavericks,,Memphis Grizzlies,,,,,FedEx Forum,
"Mon, Oct 30, 2023",8:00p,Miami Heat,,Milwaukee Bucks,,,,,Fiserv Forum,
"Mon, Oct 30, 2023",8:00p,Golden State Warriors,,New Orleans Pelicans,,,,,Smoothie King Center,
"Mon, Oct 30, 2023",8:00p,Detroit Pistons,,Oklahoma City Thunder,,,,,Paycom Center,
"Mon, Oct 30, 2023",9:00p,Utah Jazz,,Denver Nuggets,,,,,Ball Arena,
"Mon, Oct 30, 2023",10:30p,Orlando Magic,,Los Angeles Lakers,,,,,Crypto.com Arena,
"Tue, Oct 31, 2023",7:30p,New York Knicks,,Cleveland Cavaliers,,,,,Rocket Mortgage Fieldhouse,
"Tue, Oct 31, 2023",10:00p,San Antonio Spurs,,Phoenix Suns,,,,,Footprint Center,
"Tue, Oct 31, 2023",10:30p,Orlando Magic,,Los Angeles Clippers,,,,,Crypto.com Arena,
"Wed, Nov 1, 2023",7:00p,Portland Trail Blazers,,Detroit Pistons,,,,,Little Caesars Arena,
"Wed, Nov 1, 2023",7:00p,Milwaukee Bucks,,Toronto Raptors,,,,,Scotiabank Arena,
"Wed, Nov 1, 2023",7:30p,Washington Wizards,,Atlanta Hawks,,,,,State Farm Arena,
"Wed, Nov 1, 2023",7:30p,Indiana Pacers,,Boston Celtics,,,,,TD Garden,
"Wed, Nov 1, 2023",7:30p,Brooklyn Nets,,Miami Heat,,,,,Kaseya Center,
"Wed, Nov 1, 2023",7:30p,Cleveland Cavaliers,,New York Knicks,,,,,Madison Square Garden (IV),
"Wed, Nov 1, 2023",7:30p,New Orleans Pelicans,,Oklahoma City Thunder,,,,,Paycom Center,
"Wed, Nov 1, 2023",8:00p,Charlotte Hornets,,Houston Rockets,,,,,Toyota Center,
"Wed, Nov 1, 2023",8:00p,Denver Nuggets,,Minnesota Timberwolves,,,,,Target Center,
"Wed, Nov 1, 2023",8:30p,Chicago Bulls,,Dallas Mavericks,,,,,American Airlines Center,
"Wed, Nov 1, 2023",9:00p,Memphis Grizzlies,,Utah Jazz,,,,,Delta Center,
"Wed, Nov 1, 2023",10:00p,Sacramento Kings,,Golden State Warriors,,,,,Chase Center,
"Wed, Nov 1, 2023",10:00p,Los Angeles Clippers,,Los Angeles Lakers,,,,,Crypto.com Arena,
"Thu, Nov 2, 2023",7:00p,Toronto Raptors,,Philadelphia 76ers,,,,,Wells Fargo Center,
"Thu, Nov 2, 2023",8:00p,Detroit Pistons,,New Orleans Pelicans,,,,,Smoothie King Center,
"Thu, Nov 2, 2023",9:00p,Orlando Magic,,Utah Jazz,,,,,Delta Center,
"Thu, Nov 2, 2023",10:00p,San Antonio Spurs,,Phoenix Suns,,,,,Footprint Center,
"Fri, Nov 3, 2023",7:00p,Cleveland Cavaliers,,Indiana Pacers,,,,,Gainbridge Fieldhouse,
"Fri, Nov 3, 2023",7:30p,New York Knicks,,Milwaukee Bucks,,,,,Fiserv Forum,
"Fri, Nov 3, 2023",8:00p,Brooklyn Nets,,Chicago Bulls,,,,,United Center,
"Fri, Nov 3, 2023",8:00p,Washington Wizards,,Miami Heat,,,,,Kaseya Center,
"Fri, Nov 3, 2023",8:00p,Golden State Warriors,,Oklahoma City Thunder,,,,,Paycom Center,
"Fri, Nov 3, 2023",10:00p,Dallas Mavericks,,Denver Nuggets,,,,,Ball Arena,
"Fri, Nov 3, 2023",10:00p,Memphis Grizzlies,,Portland Trail Blazers,,,,,Moda Center,
"Sat, Nov 4, 2023",1:00p,Phoenix Suns,,Philadelphia 76ers,,,,,Wells Fargo Center,
"Sat, Nov 4, 2023",7:00p,Charlotte Hornets,,Indiana Pacers,,,,,Gainbridge Fieldhouse,
"Sat, Nov 4, 2023",7:00p,Atlanta Hawks,,New Orleans Pelicans,,,,,Smoothie King Center,
"Sat, Nov 4, 2023",7:00p,Los Angeles Lakers,,Orlando Magic,,,,,Amway Center,
"Sat, Nov 4, 2023",8:00p,Boston Celtics,,Brooklyn Nets,,,,,Barclays Center,
"Sat, Nov 4, 2023",8:00p,Sacramento Kings,,Houston Rockets,,,,,Toyota Center,
"Sat, Nov 4, 2023",8:00p,Utah Jazz,,Minnesota Timberwolves,,,,,Target Center,
"Sat, Nov 4, 2023",9:00p,Chicago Bulls,,Denver Nuggets,,,,,Ball Arena,
"Sun, Nov 5, 2023",3:00p,Phoenix Suns,,Detroit Pistons,,,,,Little Caesars Arena,
"Sun, Nov 5, 2023",3:30p,Toronto Raptors,,San Antonio Spurs,,,,,AT&T Center,
"Sun, Nov 5, 2023",6:00p,Golden State Warriors,,Cleveland Cavaliers,,,,,Rocket Mortgage Fieldhouse,
"Sun, Nov 5, 2023",7:30p,Charlotte Hornets,,Dallas Mavericks,,,,,American Airlines Center,
"Sun, Nov 5, 2023",9:00p,Memphis Grizzlies,,Portland Trail Blazers,,,,,Moda Center,
"Mon, Nov 6, 2023",7:00p,Golden State Warriors,,Detroit Pistons,,,,,Little Caesars Arena,
"Mon, Nov 6, 2023",7:00p,San Antonio Spurs,,Indiana Pacers,,,,,Gainbridge Fieldhouse,
"Mon, Nov 6, 2023",7:00p,Dallas Mavericks,,Orlando Magic,,,,,Amway Center,
"Mon, Nov 6, 2023",7:00p,Washington Wizards,,Philadelphia 76ers,,,,,Wells Fargo Center,
"Mon, Nov 6, 2023",7:30p,Milwaukee Bucks,,Brooklyn Nets,,,,,Barclays Center,
"Mon, Nov 6, 2023",7:30p,Los Angeles Lakers,,Miami Heat,,,,,Kaseya Center,
"Mon, Nov 6, 2023",7:30p,Los Angeles Clippers,,New York Knicks,,,,,Madison Square Garden (IV),
"Mon, Nov 6, 2023",8:00p,Utah Jazz,,Chicago Bulls,,,,,United Center,
"Mon, Nov 6, 2023",8:00p,Sacramento Kings,,Houston Rockets,,,,,Toyota Center,
"Mon, Nov 6, 2023",8:00p,Boston Celtics,,Minnesota Timberwolves,,,,,Target Center,
"Mon, Nov 6, 2023",8:00p,Atlanta Hawks,,Oklahoma City Thunder,,,,,Paycom Center,
"Mon, Nov 6, 2023",9:00p,New Orleans Pelicans,,Denver Nuggets,,,,,Ball Arena,
"Wed, Nov 8, 2023",7:00p,Washington Wizards,,Charlotte Hornets,,,,,Spectrum Center,
"Wed, Nov 8, 2023",7:00p,Utah Jazz,,Indiana Pacers,,,,,Gainbridge Fieldhouse,
"Wed, Nov 8, 2023",7:00p,Boston Celtics,,Philadelphia 76ers,,,,,Wells Fargo Center,
"Wed, Nov 8, 2023",7:30p,Los Angeles Clippers,,Brooklyn Nets,,,,,Barclays Center,
"Wed, Nov 8, 2023",7:30p,San Antonio Spurs,,New York Knicks,,,,,Madison Square Garden (IV),
"Wed, Nov 8, 2023",8:00p,Phoenix Suns,,Chicago Bulls,,,,,United Center,
"Wed, Nov 8, 2023",8:00p,Los Angeles Lakers,,Houston Rockets,,,,,Toyota Center,
"Wed, Nov 8, 2023",8:00p,Miami Heat,,Memphis Grizzlies,,,,,FedEx Forum,
"Wed, Nov 8, 2023",8:00p,Detroit Pistons,,Milwaukee Bucks,,,,,Fiserv Forum,
"Wed, Nov 8, 2023",8:00p,New Orleans Pelicans,,Minnesota Timberwolves,,,,,Target Center,
"Wed, Nov 8, 2023",8:00p,Cleveland Cavaliers,,Oklahoma City Thunder,,,,,Paycom Center,
"Wed, Nov 8, 2023",8:30p,Toronto Raptors,,Dallas Mavericks,,,,,American Airlines Center,
"Wed, Nov 8, 2023",10:00p,Golden State Warriors,,Denver Nuggets,,,,,Ball Arena,
"Wed, Nov 8, 2023",10:00p,Portland Trail Blazers,,Sacramento Kings,,,,,Golden 1 Center,
"Thu, Nov 9, 2023",7:00p,Milwaukee Bucks,,Indiana Pacers,,,,,Gainbridge Fieldhouse,
"Thu, Nov 9, 2023",9:30p,Atlanta Hawks,,Orlando Magic,,,,,,
"Fri, Nov 10, 2023",7:00p,Philadelphia 76ers,,Detroit Pistons,,,,,Little Caesars Arena,
"Fri, Nov 10, 2023",7:00p,Charlotte Hornets,,Washington Wizards,,,,,Capital One Arena,
"Fri, Nov 10, 2023",7:30p,Brooklyn Nets,,Boston Celtics,,,,,TD Garden,
"Fri, Nov 10, 2023",8:00p,New Orleans Pelicans,,Houston Rockets,,,,,Toyota Center,
"Fri, Nov 10, 2023",8:00p,Utah Jazz,,Memphis Grizzlies,,,,,FedEx Forum,
"Fri, Nov 10, 2023",8:00p,Minnesota Timberwolves,,San Antonio Spurs,,,,,AT&T Center,
"Fri, Nov 10, 2023",8:30p,Los Angeles Clippers,,Dallas Mavericks,,,,,American Airlines Center,
"Fri, Nov 10, 2023",10:00p,Los Angeles Lakers,,Phoenix Suns,,,,,Footprint Center,
"Fri, Nov 10, 2023",10:00p,Oklahoma City Thunder,,Sacramento Kings,,,,,Golden 1 Center,
"Sat, Nov 11, 2023",6:00p,Milwaukee Bucks,,Orlando Magic,,,,,Amway Center,
"Sat, Nov 11, 2023",7:00p,Toronto Raptors,,Boston Celtics,,,,,TD Garden,
"Sat, Nov 11, 2023",7:30p,Miami Heat,,Atlanta Hawks,,,,,State Farm Arena,
"Sat, Nov 11, 2023",8:30p,Cleveland Cavaliers,,Golden State Warriors,,,,,Chase Center,
"Sun, Nov 12, 2023",12:00p,Charlotte Hornets,,New York Knicks,,,,,Madison Square Garden (IV),
"Sun, Nov 12, 2023",3:00p,Washington Wizards,,Brooklyn Nets,,,,,Barclays Center,
"Sun, Nov 12, 2023",3:30p,Memphis Grizzlies,,Los Angeles Clippers,,,,,Crypto.com Arena,
"Sun, Nov 12, 2023",6:00p,Indiana Pacers,,Philadelphia 76ers,,,,,Wells Fargo Center,
"Sun, Nov 12, 2023",7:00p,Detroit Pistons,,Chicago Bulls,,,,,United Center,
"Sun, Nov 12, 2023",7:00p,Denver Nuggets,,Houston Rockets,,,,,Toyota Center,
"Sun, Nov 12, 2023",7:00p,Dallas Mavericks,,New Orleans Pelicans,,,,,Smoothie King Center,
"Sun, Nov 12, 2023",7:00p,Miami Heat,,San Antonio Spurs,,,,,AT&T Center,
"Sun, Nov 12, 2023",8:00p,Oklahoma City Thunder,,Phoenix Suns,,,,,Footprint Center,
"Sun, Nov 12, 2023",8:30p,Minnesota Timberwolves,,Golden State Warriors,,,,,Chase Center,
"Sun, Nov 12, 2023",10:00p,Portland Trail Blazers,,Los Angeles Lakers,,,,,Crypto.com Arena,
"Mon, Nov 13, 2023",7:30p,New York Knicks,,Boston Celtics,,,,,TD Garden,
"Mon, Nov 13, 2023",7:30p,Washington Wizards,,Toronto Raptors,,,,,Scotiabank Arena,
"Mon, Nov 13, 2023",8:00p,Chicago Bulls,,Milwaukee Bucks,,,,,Fiserv Forum,
"Mon, Nov 13, 2023",10:00p,Cleveland Cavaliers,,Sacramento Kings,,,,,Golden 1 Center,
"Tue, Nov 14, 2023",7:00p,Miami Heat,,Charlotte Hornets,,,,,Spectrum Center,
"Tue, Nov 14, 2023",7:00p,Atlanta Hawks,,Detroit Pistons,,,,,Little Caesars Arena,
"Tue, Nov 14, 2023",7:00p,Indiana Pacers,,Philadelphia 76ers,,,,,Wells Fargo Center,
"Tue, Nov 14, 2023",7:30p,Orlando Magic,,Brooklyn Nets,,,,,Barclays Center,
"Tue, Nov 14, 2023",7:30p,San Antonio Spurs,,Oklahoma City Thunder,,,,,Paycom Center,
"Tue, Nov 14, 2023",8:00p,Dallas Mavericks,,New Orleans Pelicans,,,,,Smoothie King Center,
"Tue, Nov 14, 2023",9:00p,Portland Trail Blazers,,Utah Jazz,,,,,Delta Center,
"Tue, Nov 14, 2023",10:00p,Los Angeles Clippers,,Denver Nuggets,,,,,Ball Arena,
"Tue, Nov 14, 2023",10:00p,Minnesota Timberwolves,,Golden State Warriors,,,,,Chase Center,
"Tue, Nov 14, 2023",10:30p,Memphis Grizzlies,,Los Angeles Lakers,,,,,Crypto.com Arena,
"Wed, Nov 15, 2023",7:00p,Dallas Mavericks,,Washington Wizards,,,,,Capital One Arena,
"Wed, Nov 15, 2023",7:30p,New York Knicks,,Atlanta Hawks,,,,,State Farm Arena,
"Wed, Nov 15, 2023",7:30p,Boston Celtics,,Philadelphia 76ers,,,,,Wells Fargo Center,
"Wed, Nov 15, 2023",7:30p,Milwaukee Bucks,,Toronto Raptors,,,,,Scotiabank Arena,
"Wed, Nov 15, 2023",8:00p,Orlando Magic,,Chicago Bulls,,,,,United Center,
"Wed, Nov 15, 2023",9:00p,Minnesota Timberwolves,,Phoenix Suns,,,,,Footprint Center,
"Wed, Nov 15, 2023",10:00p,Sacramento Kings,,Los Angeles Lakers,,,,,Crypto.com Arena,
"Wed, Nov 15, 2023",10:00p,Cleveland Cavaliers,,Portland Trail Blazers,,,,,Moda Center,
"Thu, Nov 16, 2023",7:30p,Brooklyn Nets,,Miami Heat,,,,,Kaseya Center,
"Thu, Nov 16, 2023",10:00p,Oklahoma City Thunder,,Golden State Warriors,,,,,Chase Center,
"Fri, Nov 17, 2023",7:00p,Milwaukee Bucks,,Charlotte Hornets,,,,,Spectrum Center,
"Fri, Nov 17, 2023",7:00p,New York Knicks,,Washington Wizards,,,,,Capital One Arena,
"Fri, Nov 17, 2023",7:30p,Philadelphia 76ers,,Atlanta Hawks,,,,,State Farm Arena,
"Fri, Nov 17, 2023",7:30p,Detroit Pistons,,Cleveland Cavaliers,,,,,Rocket Mortgage Fieldhouse,
"Fri, Nov 17, 2023",7:30p,Sacramento Kings,,San Antonio Spurs,,,,,AT&T Center,
"Fri, Nov 17, 2023",7:30p,Boston Celtics,,Toronto Raptors,,,,,Scotiabank Arena,
"Fri, Nov 17, 2023",8:00p,Orlando Magic,,Chicago Bulls,,,,,United Center,
"Fri, Nov 17, 2023",8:00p,Denver Nuggets,,New Orleans Pelicans,,,,,Smoothie King Center,
"Fri, Nov 17, 2023",10:00p,Los Angeles Lakers,,Portland Trail Blazers,,,,,Moda Center,
"Fri, Nov 17, 2023",10:00p,Phoenix Suns,,Utah Jazz,,,,,Delta Center,
"Fri, Nov 17, 2023",10:30p,Houston Rockets,,Los Angeles Clippers,,,,,Crypto.com Arena,
"Sat, Nov 18, 2023",6:00p,New York Knicks,,Charlotte Hornets,,,,,Spectrum Center,
"Sat, Nov 18, 2023",7:00p,Minnesota Timberwolves,,New Orleans Pelicans,,,,,Smoothie King Center,
"Sat, Nov 18, 2023",8:00p,Miami Heat,,Chicago Bulls,,,,,United Center,
"Sat, Nov 18, 2023",8:00p,Dallas Mavericks,,Milwaukee Bucks,,,,,Fiserv Forum,
"Sat, Nov 18, 2023",8:00p,Memphis Grizzlies,,San Antonio Spurs,,,,,AT&T Center,
"Sat, Nov 18, 2023",8:30p,Oklahoma City Thunder,,Golden State Warriors,,,,,Chase Center,
"Sun, Nov 19, 2023",3:00p,Philadelphia 76ers,,Brooklyn Nets,,,,,Barclays Center,
"Sun, Nov 19, 2023",4:00p,Detroit Pistons,,Toronto Raptors,,,,,Scotiabank Arena,
"Sun, Nov 19, 2023",5:00p,Orlando Magic,,Indiana Pacers,,,,,Gainbridge Fieldhouse,
"Sun, Nov 19, 2023",6:00p,Denver Nuggets,,Cleveland Cavaliers,,,,,Rocket Mortgage Fieldhouse,
"Sun, Nov 19, 2023",7:30p,Sacramento Kings,,Dallas Mavericks,,,,,American Airlines Center,
"Sun, Nov 19, 2023",8:00p,Boston Celtics,,Memphis Grizzlies,,,,,FedEx Forum,
"Sun, Nov 19, 2023",8:00p,Phoenix Suns,,Utah Jazz,,,,,Delta Center,
"Sun, Nov 19, 2023",9:00p,Oklahoma City Thunder,,Portland Trail Blazers,,,,,Moda Center,
"Sun, Nov 19, 2023",9:30p,Houston Rockets,,Los Angeles Lakers,,,,,Crypto.com Arena,
"Mon, Nov 20, 2023",7:00p,Boston Celtics,,Charlotte Hornets,,,,,Spectrum Center,
"Mon, Nov 20, 2023",7:00p,Denver Nuggets,,Detroit Pistons,,,,,Little Caesars Arena,
"Mon, Nov 20, 2023",7:00p,Milwaukee Bucks,,Washington Wizards,,,,,Capital One Arena,
"Mon, Nov 20, 2023",8:00p,Miami Heat,,Chicago Bulls,,,,,United Center,
"Mon, Nov 20, 2023",8:00p,New York Knicks,,Minnesota Timberwolves,,,,,Target Center,
"Mon, Nov 20, 2023",8:00p,Sacramento Kings,,New Orleans Pelicans,,,,,Smoothie King Center,
"Mon, Nov 20, 2023",8:00p,Los Angeles Clippers,,San Antonio Spurs,,,,,AT&T Center,
"Mon, Nov 20, 2023",10:00p,Houston Rockets,,Golden State Warriors,,,,,Chase Center,
"Tue, Nov 21, 2023",7:00p,Toronto Raptors,,Orlando Magic,,,,,Amway Center,
"Tue, Nov 21, 2023",7:30p,Indiana Pacers,,Atlanta Hawks,,,,,State Farm Arena,
"Tue, Nov 21, 2023",7:30p,Cleveland Cavaliers,,Philadelphia 76ers,,,,,Wells Fargo Center,
"Tue, Nov 21, 2023",9:00p,Portland Trail Blazers,,Phoenix Suns,,,,,Footprint Center,
"Tue, Nov 21, 2023",10:00p,Utah Jazz,,Los Angeles Lakers,,,,,Crypto.com Arena,
"Wed, Nov 22, 2023",7:00p,Washington Wizards,,Charlotte Hornets,,,,,Spectrum Center,
"Wed, Nov 22, 2023",7:00p,Denver Nuggets,,Orlando Magic,,,,,Amway Center,
"Wed, Nov 22, 2023",7:30p,Brooklyn Nets,,Atlanta Hawks,,,,,State Farm Arena,
"Wed, Nov 22, 2023",7:30p,Milwaukee Bucks,,Boston Celtics,,,,,TD Garden,
"Wed, Nov 22, 2023",7:30p,Miami Heat,,Cleveland Cavaliers,,,,,Rocket Mortgage Fieldhouse,
"Wed, Nov 22, 2023",7:30p,Toronto Raptors,,Indiana Pacers,,,,,Gainbridge Fieldhouse,
"Wed, Nov 22, 2023",8:00p,Memphis Grizzlies,,Houston Rockets,,,,,Toyota Center,
"Wed, Nov 22, 2023",8:00p,Philadelphia 76ers,,Minnesota Timberwolves,,,,,Target Center,
"Wed, Nov 22, 2023",8:00p,Sacramento Kings,,New Orleans Pelicans,,,,,Smoothie King Center,
"Wed, Nov 22, 2023",8:00p,Chicago Bulls,,Oklahoma City Thunder,,,,,Paycom Center,
"Wed, Nov 22, 2023",8:00p,Los Angeles Clippers,,San Antonio Spurs,,,,,AT&T Center,
"Wed, Nov 22, 2023",10:00p,Golden State Warriors,,Phoenix Suns,,,,,Footprint Center,
"Wed, Nov 22, 2023",10:00p,Utah Jazz,,Portland Trail Blazers,,,,,Moda Center,
"Wed, Nov 22, 2023",10:30p,Dallas Mavericks,,Los Angeles Lakers,,,,,Crypto.com Arena,
"Fri, Nov 24, 2023",2:30p,Boston Celtics,,Orlando Magic,,,,,Amway Center,
"Fri, Nov 24, 2023",5:00p,Phoenix Suns,,Memphis Grizzlies,,,,,FedEx Forum,
"Fri, Nov 24, 2023",7:30p,Miami Heat,,New York Knicks,,,,,Madison Square Garden (IV),
"Fri, Nov 24, 2023",7:30p,Chicago Bulls,,Toronto Raptors,,,,,Scotiabank Arena,
"Fri, Nov 24, 2023",8:00p,Denver Nuggets,,Houston Rockets,,,,,Toyota Center,
"Fri, Nov 24, 2023",8:00p,Detroit Pistons,,Indiana Pacers,,,,,Gainbridge Fieldhouse,
"Fri, Nov 24, 2023",8:00p,Washington Wizards,,Milwaukee Bucks,,,,,Fiserv Forum,
"Fri, Nov 24, 2023",8:00p,Sacramento Kings,,Minnesota Timberwolves,,,,,Target Center,
"Fri, Nov 24, 2023",10:00p,San Antonio Spurs,,Golden State Warriors,,,,,Chase Center,
"Fri, Nov 24, 2023",10:30p,New Orleans Pelicans,,Los Angeles Clippers,,,,,Crypto.com Arena,
"Sat, Nov 25, 2023",5:00p,Philadelphia 76ers,,Oklahoma City Thunder,,,,,Paycom Center,
"Sat, Nov 25, 2023",6:00p,Miami Heat,,Brooklyn Nets,,,,,Barclays Center,
"Sat, Nov 25, 2023",7:00p,Atlanta Hawks,,Washington Wizards,,,,,Capital One Arena,
"Sat, Nov 25, 2023",7:30p,Los Angeles Lakers,,Cleveland Cavaliers,,,,,Rocket Mortgage Fieldhouse,
"Sat, Nov 25, 2023",9:30p,New Orleans Pelicans,,Utah Jazz,,,,,Delta Center,
"Sat, Nov 25, 2023",10:30p,Dallas Mavericks,,Los Angeles Clippers,,,,,Crypto.com Arena,
"Sun, Nov 26, 2023",3:30p,Portland Trail Blazers,,Milwaukee Bucks,,,,,Fiserv Forum,
"Sun, Nov 26, 2023",6:00p,Atlanta Hawks,,Boston Celtics,,,,,TD Garden,
"Sun, Nov 26, 2023",6:00p,Minnesota Timberwolves,,Memphis Grizzlies,,,,,FedEx Forum,
"Sun, Nov 26, 2023",6:00p,Phoenix Suns,,New York Knicks,,,,,Madison Square Garden (IV),
"Sun, Nov 26, 2023",6:00p,Charlotte Hornets,,Orlando Magic,,,,,Amway Center,
"Sun, Nov 26, 2023",7:30p,Chicago Bulls,,Brooklyn Nets,,,,,Barclays Center,
"Sun, Nov 26, 2023",7:30p,Toronto Raptors,,Cleveland Cavaliers,,,,,Rocket Mortgage Fieldhouse,
"Sun, Nov 26, 2023",8:00p,San Antonio Spurs,,Denver Nuggets,,,,,Ball Arena,
"Mon, Nov 27, 2023",7:00p,Washington Wizards,,Detroit Pistons,,,,,Little Caesars Arena,
"Mon, Nov 27, 2023",7:00p,Portland Trail Blazers,,Indiana Pacers,,,,,Gainbridge Fieldhouse,
"Mon, Nov 27, 2023",7:00p,Los Angeles Lakers,,Philadelphia 76ers,,,,,Wells Fargo Center,
"Mon, Nov 27, 2023",9:00p,New Orleans Pelicans,,Utah Jazz,,,,,Delta Center,
"Mon, Nov 27, 2023",10:30p,Denver Nuggets,,Los Angeles Clippers,,,,,Crypto.com Arena,
"Tue, Nov 28, 2023",7:30p,Chicago Bulls,,Boston Celtics,,,,,TD Garden,
"Tue, Nov 28, 2023",7:30p,Toronto Raptors,,Brooklyn Nets,,,,,Barclays Center,
"Tue, Nov 28, 2023",7:30p,Atlanta Hawks,,Cleveland Cavaliers,,,,,Rocket Mortgage Fieldhouse,
"Tue, Nov 28, 2023",7:30p,Milwaukee Bucks,,Miami Heat,,,,,Kaseya Center,
"Tue, Nov 28, 2023",7:30p,Charlotte Hornets,,New York Knicks,,,,,Madison Square Garden (IV),
"Tue, Nov 28, 2023",8:00p,Oklahoma City Thunder,,Minnesota Timberwolves,,,,,Target Center,
"Tue, Nov 28, 2023",8:30p,Houston Rockets,,Dallas Mavericks,,,,,American Airlines Center,
"Tue, Nov 28, 2023",10:00p,Golden State Warriors,,Sacramento Kings,,,,,Golden 1 Center,
"Wed, Nov 29, 2023",7:00p,Los Angeles Lakers,,Detroit Pistons,,,,,Little Caesars Arena,
"Wed, Nov 29, 2023",7:00p,Washington Wizards,,Orlando Magic,,,,,Amway Center,
"Wed, Nov 29, 2023",7:30p,Phoenix Suns,,Toronto Raptors,,,,,Scotiabank Arena,
"Wed, Nov 29, 2023",8:00p,Utah Jazz,,Memphis Grizzlies,,,,,FedEx Forum,
"Wed, Nov 29, 2023",8:00p,Philadelphia 76ers,,New Orleans Pelicans,,,,,Smoothie King Center,
"Wed, Nov 29, 2023",9:00p,Houston Rockets,,Denver Nuggets,,,,,Ball Arena,
"Wed, Nov 29, 2023",10:00p,Los Angeles Clippers,,Sacramento Kings,,,,,Golden 1 Center,
"Thu, Nov 30, 2023",7:00p,Portland Trail Blazers,,Cleveland Cavaliers,,,,,Rocket Mortgage Fieldhouse,
"Thu, Nov 30, 2023",7:30p,Charlotte Hornets,,Brooklyn Nets,,,,,Barclays Center,
"Thu, Nov 30, 2023",7:30p,Indiana Pacers,,Miami Heat,,,,,Kaseya Center,
"Thu, Nov 30, 2023",7:30p,Detroit Pistons,,New York Knicks,,,,,Madison Square Garden (IV),
"Thu, Nov 30, 2023",8:00p,Milwaukee Bucks,,Chicago Bulls,,,,,United Center,
"Thu, Nov 30, 2023",8:00p,Utah Jazz,,Minnesota Timberwolves,,,,,Target Center,
"Thu, Nov 30, 2023",8:00p,Los Angeles Lakers,,Oklahoma City Thunder,,,,,Paycom Center,
"Thu, Nov 30, 2023",8:00p,Atlanta Hawks,,San Antonio Spurs,,,,,AT&T Center,
"Thu, Nov 30, 2023",10:00p,Los Angeles Clippers,,Golden State Warriors,,,,,Chase Center,
"Fri, Dec 1, 2023",7:00p,Washington Wizards,,Orlando Magic,,,,,Amway Center,
"Fri, Dec 1, 2023",7:30p,Philadelphia 76ers,,Boston Celtics,,,,,TD Garden,
"Fri, Dec 1, 2023",7:30p,Memphis Grizzlies,,Dallas Mavericks,,,,,American Airlines Center,
"Fri, Dec 1, 2023",7:30p,New York Knicks,,Toronto Raptors,,,,,Scotiabank Arena,
"Fri, Dec 1, 2023",8:00p,San Antonio Spurs,,New Orleans Pelicans,,,,,Smoothie King Center,
"Fri, Dec 1, 2023",10:00p,Denver Nuggets,,Phoenix Suns,,,,,Footprint Center,
"Sat, Dec 2, 2023",4:00p,Golden State Warriors,,Los Angeles Clippers,,,,,Crypto.com Arena,
"Sat, Dec 2, 2023",5:00p,Minnesota Timberwolves,,Charlotte Hornets,,,,,Spectrum Center,
"Sat, Dec 2, 2023",7:00p,Orlando Magic,,Brooklyn Nets,,,,,Barclays Center,
"Sat, Dec 2, 2023",7:00p,Cleveland Cavaliers,,Detroit Pistons,,,,,Little Caesars Arena,
"Sat, Dec 2, 2023",8:00p,New Orleans Pelicans,,Chicago Bulls,,,,,United Center,
"Sat, Dec 2, 2023",8:00p,Indiana Pacers,,Miami Heat,,,,,Kaseya Center,
"Sat, Dec 2, 2023",8:00p,Atlanta Hawks,,Milwaukee Bucks,,,,,Fiserv Forum,
"Sat, Dec 2, 2023",9:00p,Oklahoma City Thunder,,Dallas Mavericks,,,,,American Airlines Center,
"Sat, Dec 2, 2023",9:00p,Memphis Grizzlies,,Phoenix Suns,,,,,Footprint Center,
"Sat, Dec 2, 2023",9:30p,Portland Trail Blazers,,Utah Jazz,,,,,Delta Center,
"Sat, Dec 2, 2023",10:00p,Denver Nuggets,,Sacramento Kings,,,,,Golden 1 Center,
"Sat, Dec 2, 2023",10:30p,Houston Rockets,,Los Angeles Lakers,,,,,Crypto.com Arena,
"Tue, Dec 5, 2023",7:30p,New York Knicks,,Milwaukee Bucks,,,,,Fiserv Forum,In-Season Tournament
"Tue, Dec 5, 2023",10:00p,Phoenix Suns,,Los Angeles Lakers,,,,,Crypto.com Arena,In-Season Tournament
"Wed, Dec 6, 2023",7:00p,Orlando Magic,,Cleveland Cavaliers,,,,,Rocket Mortgage Fieldhouse,
"Wed, Dec 6, 2023",7:00p,Memphis Grizzlies,,Detroit Pistons,,,,,Little Caesars Arena,
"Wed, Dec 6, 2023",7:00p,Philadelphia 76ers,,Washington Wizards,,,,,Capital One Arena,
"Wed, Dec 6, 2023",7:30p,Brooklyn Nets,,Atlanta Hawks,,,,,State Farm Arena,
"Wed, Dec 6, 2023",7:30p,San Antonio Spurs,,Minnesota Timberwolves,,,,,Target Center,
"Wed, Dec 6, 2023",7:30p,Miami Heat,,Toronto Raptors,,,,,Scotiabank Arena,
"Wed, Dec 6, 2023",8:00p,Charlotte Hornets,,Chicago Bulls,,,,,United Center,
"Wed, Dec 6, 2023",8:00p,Oklahoma City Thunder,,Houston Rockets,,,,,Toyota Center,
"Wed, Dec 6, 2023",8:30p,Utah Jazz,,Dallas Mavericks,,,,,American Airlines Center,
"Wed, Dec 6, 2023",10:00p,Portland Trail Blazers,,Golden State Warriors,,,,,Chase Center,
"Wed, Dec 6, 2023",10:00p,Denver Nuggets,,Los Angeles Clippers,,,,,Crypto.com Arena,
"Fri, Dec 8, 2023",7:00p,Toronto Raptors,,Charlotte Hornets,,,,,Spectrum Center,
"Fri, Dec 8, 2023",7:00p,Detroit Pistons,,Orlando Magic,,,,,Amway Center,
"Fri, Dec 8, 2023",7:00p,Atlanta Hawks,,Philadelphia 76ers,,,,,Wells Fargo Center,
"Fri, Dec 8, 2023",7:30p,Washington Wizards,,Brooklyn Nets,,,,,Barclays Center,
"Fri, Dec 8, 2023",8:00p,Minnesota Timberwolves,,Memphis Grizzlies,,,,,FedEx Forum,
"Fri, Dec 8, 2023",8:00p,Cleveland Cavaliers,,Miami Heat,,,,,Kaseya Center,
"Fri, Dec 8, 2023",8:00p,Golden State Warriors,,Oklahoma City Thunder,,,,,Paycom Center,
"Fri, Dec 8, 2023",8:30p,Chicago Bulls,,San Antonio Spurs,,,,,Frost Bank Center,
"Fri, Dec 8, 2023",9:00p,Houston Rockets,,Denver Nuggets,,,,,Ball Arena,
"Fri, Dec 8, 2023",10:00p,Dallas Mavericks,,Portland Trail Blazers,,,,,Moda Center,
"Fri, Dec 8, 2023",10:00p,Los Angeles Clippers,,Utah Jazz,,,,,Delta Center,
"Mon, Dec 11, 2023",7:00p,Miami Heat,,Charlotte Hornets,,,,,Spectrum Center,
"Mon, Dec 11, 2023",7:00p,Indiana Pacers,,Detroit Pistons,,,,,Little Caesars Arena,
"Mon, Dec 11, 2023",7:00p,Cleveland Cavaliers,,Orlando Magic,,,,,Amway Center,
"Mon, Dec 11, 2023",7:00p,Washington Wizards,,Philadelphia 76ers,,,,,Wells Fargo Center,
"Mon, Dec 11, 2023",7:30p,Denver Nuggets,,Atlanta Hawks,,,,,State Farm Arena,
"Mon, Dec 11, 2023",7:30p,Toronto Raptors,,New York Knicks,,,,,Madison Square Garden (IV),
"Mon, Dec 11, 2023",8:00p,San Antonio Spurs,,Houston Rockets,,,,,Toyota Center,
"Mon, Dec 11, 2023",8:00p,Dallas Mavericks,,Memphis Grizzlies,,,,,FedEx Forum,
"Mon, Dec 11, 2023",8:00p,Chicago Bulls,,Milwaukee Bucks,,,,,Fiserv Forum,
"Mon, Dec 11, 2023",8:00p,Minnesota Timberwolves,,New Orleans Pelicans,,,,,Smoothie King Center,
"Mon, Dec 11, 2023",8:00p,Utah Jazz,,Oklahoma City Thunder,,,,,Paycom Center,
"Mon, Dec 11, 2023",10:00p,Brooklyn Nets,,Sacramento Kings,,,,,Golden 1 Center,
"Mon, Dec 11, 2023",10:30p,Portland Trail Blazers,,Los Angeles Clippers,,,,,Crypto.com Arena,
"Sat, Dec 16, 2023",10:00p,Utah Jazz,,Sacramento Kings,,,,,Golden 1 Center,
"Sat, Dec 16, 2023",10:30p,New York Knicks,,Los Angeles Clippers,,,,,Crypto.com Arena,
"Sun, Dec 17, 2023",3:00p,Orlando Magic,,Boston Celtics,,,,,TD Garden,
"Sun, Dec 17, 2023",3:30p,New Orleans Pelicans,,San Antonio Spurs,,,,,AT&T Center,
"Sun, Dec 17, 2023",7:00p,Houston Rockets,,Milwaukee Bucks,,,,,Fiserv Forum,
"Sun, Dec 17, 2023",8:00p,Washington Wizards,,Phoenix Suns,,,,,Footprint Center,
"Sun, Dec 17, 2023",9:00p,Golden State Warriors,,Portland Trail Blazers,,,,,Moda Center,
"Mon, Dec 18, 2023",7:00p,Houston Rockets,,Cleveland Cavaliers,,,,,Rocket Mortgage Fieldhouse,
"Mon, Dec 18, 2023",7:00p,Los Angeles Clippers,,Indiana Pacers,,,,,Gainbridge Fieldhouse,
"Mon, Dec 18, 2023",7:00p,Chicago Bulls,,Philadelphia 76ers,,,,,Wells Fargo Center,
"Mon, Dec 18, 2023",7:30p,Detroit Pistons,,Atlanta Hawks,,,,,State Farm Arena,
"Mon, Dec 18, 2023",7:30p,Minnesota Timberwolves,,Miami Heat,,,,,Kaseya Center,
"Mon, Dec 18, 2023",7:30p,Charlotte Hornets,,Toronto Raptors,,,,,Scotiabank Arena,
"Mon, Dec 18, 2023",8:00p,Memphis Grizzlies,,Oklahoma City Thunder,,,,,Paycom Center,
"Mon, Dec 18, 2023",9:00p,Dallas Mavericks,,Denver Nuggets,,,,,Ball Arena,
"Mon, Dec 18, 2023",9:00p,Brooklyn Nets,,Utah Jazz,,,,,Delta Center,
"Mon, Dec 18, 2023",10:00p,Washington Wizards,,Sacramento Kings,,,,,Golden 1 Center,
"Mon, Dec 18, 2023",10:30p,New York Knicks,,Los Angeles Lakers,,,,,Crypto.com Arena,
"Tue, Dec 19, 2023",7:30p,Memphis Grizzlies,,New Orleans Pelicans,,,,,Smoothie King Center,
"Tue, Dec 19, 2023",8:00p,San Antonio Spurs,,Milwaukee Bucks,,,,,Fiserv Forum,
"Tue, Dec 19, 2023",10:00p,Boston Celtics,,Golden State Warriors,,,,,Chase Center,
"Tue, Dec 19, 2023",10:00p,Phoenix Suns,,Portland Trail Blazers,,,,,Moda Center,
"Wed, Dec 20, 2023",7:00p,Utah Jazz,,Cleveland Cavaliers,,,,,Rocket Mortgage Fieldhouse,
"Wed, Dec 20, 2023",7:00p,Charlotte Hornets,,Indiana Pacers,,,,,Gainbridge Fieldhouse,
"Wed, Dec 20, 2023",7:00p,Miami Heat,,Orlando Magic,,,,,Amway Center,
"Wed, Dec 20, 2023",7:00p,Minnesota Timberwolves,,Philadelphia 76ers,,,,,Wells Fargo Center,
"Wed, Dec 20, 2023",7:30p,New York Knicks,,Brooklyn Nets,,,,,Barclays Center,
"Wed, Dec 20, 2023",7:30p,Denver Nuggets,,Toronto Raptors,,,,,Scotiabank Arena,
"Wed, Dec 20, 2023",8:00p,Los Angeles Lakers,,Chicago Bulls,,,,,United Center,
"Wed, Dec 20, 2023",8:00p,Atlanta Hawks,,Houston Rockets,,,,,Toyota Center,
"Wed, Dec 20, 2023",8:30p,Los Angeles Clippers,,Dallas Mavericks,,,,,American Airlines Center,
"Wed, Dec 20, 2023",10:00p,Boston Celtics,,Sacramento Kings,,,,,Golden 1 Center,
"Thu, Dec 21, 2023",7:00p,Utah Jazz,,Detroit Pistons,,,,,Little Caesars Arena,
"Thu, Dec 21, 2023",7:30p,New Orleans Pelicans,,Cleveland Cavaliers,,,,,Rocket Mortgage Fieldhouse,
"Thu, Dec 21, 2023",8:00p,San Antonio Spurs,,Chicago Bulls,,,,,United Center,
"Thu, Dec 21, 2023",8:00p,Indiana Pacers,,Memphis Grizzlies,,,,,FedEx Forum,
"Thu, Dec 21, 2023",8:00p,Orlando Magic,,Milwaukee Bucks,,,,,Fiserv Forum,
"Thu, Dec 21, 2023",8:00p,Los Angeles Clippers,,Oklahoma City Thunder,,,,,Paycom Center,
"Thu, Dec 21, 2023",9:00p,Los Angeles Lakers,,Minnesota Timberwolves,,,,,Target Center,
"Thu, Dec 21, 2023",10:00p,Washington Wizards,,Portland Trail Blazers,,,,,Moda Center,
"Fri, Dec 22, 2023",6:30p,Denver Nuggets,,Brooklyn Nets,,,,,Barclays Center,
"Fri, Dec 22, 2023",7:00p,Toronto Raptors,,Philadelphia 76ers,,,,,Wells Fargo Center,
"Fri, Dec 22, 2023",8:00p,Dallas Mavericks,,Houston Rockets,,,,,Toyota Center,
"Fri, Dec 22, 2023",8:00p,Atlanta Hawks,,Miami Heat,,,,,Kaseya Center,
"Fri, Dec 22, 2023",10:00p,Washington Wizards,,Golden State Warriors,,,,,Chase Center,
"Fri, Dec 22, 2023",10:00p,Phoenix Suns,,Sacramento Kings,,,,,Golden 1 Center,
"Sat, Dec 23, 2023",12:30p,Milwaukee Bucks,,New York Knicks,,,,,Madison Square Garden (IV),
"Sat, Dec 23, 2023",3:30p,Boston Celtics,,Los Angeles Clippers,,,,,Crypto.com Arena,
"Sat, Dec 23, 2023",7:00p,Denver Nuggets,,Charlotte Hornets,,,,,Spectrum Center,
"Sat, Dec 23, 2023",7:00p,Orlando Magic,,Indiana Pacers,,,,,Gainbridge Fieldhouse,
"Sat, Dec 23, 2023",7:00p,Houston Rockets,,New Orleans Pelicans,,,,,Smoothie King Center,
"Sat, Dec 23, 2023",7:30p,Memphis Grizzlies,,Atlanta Hawks,,,,,State Farm Arena,
"Sat, Dec 23, 2023",7:30p,Detroit Pistons,,Brooklyn Nets,,,,,Barclays Center,
"Sat, Dec 23, 2023",7:30p,Utah Jazz,,Toronto Raptors,,,,,Scotiabank Arena,
"Sat, Dec 23, 2023",8:00p,Cleveland Cavaliers,,Chicago Bulls,,,,,United Center,
"Sat, Dec 23, 2023",8:00p,Los Angeles Lakers,,Oklahoma City Thunder,,,,,Paycom Center,
"Sat, Dec 23, 2023",8:30p,San Antonio Spurs,,Dallas Mavericks,,,,,American Airlines Center,
"Sat, Dec 23, 2023",8:30p,Portland Trail Blazers,,Golden State Warriors,,,,,Chase Center,
"Sat, Dec 23, 2023",10:00p,Minnesota Timberwolves,,Sacramento Kings,,,,,Golden 1 Center,
"Mon, Dec 25, 2023",12:00p,Milwaukee Bucks,,New York Knicks,,,,,Madison Square Garden (IV),
"Mon, Dec 25, 2023",2:30p,Golden State Warriors,,Denver Nuggets,,,,,Ball Arena,
"Mon, Dec 25, 2023",5:00p,Boston Celtics,,Los Angeles Lakers,,,,,Crypto.com Arena,
"Mon, Dec 25, 2023",8:00p,Philadelphia 76ers,,Miami Heat,,,,,Kaseya Center,
"Mon, Dec 25, 2023",10:30p,Dallas Mavericks,,Phoenix Suns,,,,,Footprint Center,
"Tue, Dec 26, 2023",7:00p,Brooklyn Nets,,Detroit Pistons,,,,,Little Caesars Arena,
"Tue, Dec 26, 2023",7:00p,Orlando Magic,,Washington Wizards,,,,,Capital One Arena,
"Tue, Dec 26, 2023",8:00p,Atlanta Hawks,,Chicago Bulls,,,,,United Center,
"Tue, Dec 26, 2023",8:00p,Indiana Pacers,,Houston Rockets,,,,,Toyota Center,
"Tue, Dec 26, 2023",8:00p,Memphis Grizzlies,,New Orleans Pelicans,,,,,Smoothie King Center,
"Tue, Dec 26, 2023",8:00p,Minnesota Timberwolves,,Oklahoma City Thunder,,,,,Paycom Center,
"Tue, Dec 26, 2023",8:00p,Utah Jazz,,San Antonio Spurs,,,,,AT&T Center,
"Tue, Dec 26, 2023",10:00p,Sacramento Kings,,Portland Trail Blazers,,,,,Moda Center,
"Tue, Dec 26, 2023",10:30p,Charlotte Hornets,,Los Angeles Clippers,,,,,Crypto.com Arena,
"Wed, Dec 27, 2023",7:00p,Philadelphia 76ers,,Orlando Magic,,,,,Amway Center,
"Wed, Dec 27, 2023",7:00p,Toronto Raptors,,Washington Wizards,,,,,Capital One Arena,
"Wed, Dec 27, 2023",7:30p,Milwaukee Bucks,,Brooklyn Nets,,,,,Barclays Center,
"Wed, Dec 27, 2023",8:00p,Phoenix Suns,,Houston Rockets,,,,,Toyota Center,
"Wed, Dec 27, 2023",8:00p,New York Knicks,,Oklahoma City Thunder,,,,,Paycom Center,
"Wed, Dec 27, 2023",8:30p,Cleveland Cavaliers,,Dallas Mavericks,,,,,American Airlines Center,
"Thu, Dec 28, 2023",7:30p,Detroit Pistons,,Boston Celtics,,,,,TD Garden,
"Thu, Dec 28, 2023",8:00p,Indiana Pacers,,Chicago Bulls,,,,,United Center,
"Thu, Dec 28, 2023",8:00p,Dallas Mavericks,,Minnesota Timberwolves,,,,,Target Center,
"Thu, Dec 28, 2023",8:00p,Utah Jazz,,New Orleans Pelicans,,,,,Smoothie King Center,
"Thu, Dec 28, 2023",9:00p,Memphis Grizzlies,,Denver Nuggets,,,,,Ball Arena,
"Thu, Dec 28, 2023",10:00p,Miami Heat,,Golden State Warriors,,,,,Chase Center,
"Thu, Dec 28, 2023",10:00p,San Antonio Spurs,,Portland Trail Blazers,,,,,Moda Center,
"Thu, Dec 28, 2023",10:30p,Charlotte Hornets,,Los Angeles Lakers,,,,,Crypto.com Arena,
"Fri, Dec 29, 2023",7:00p,New York Knicks,,Orlando Magic,,,,,Amway Center,
"Fri, Dec 29, 2023",7:00p,Brooklyn Nets,,Washington Wizards,,,,,Capital One Arena,
"Fri, Dec 29, 2023",7:30p,Sacramento Kings,,Atlanta Hawks,,,,,State Farm Arena,
"Fri, Dec 29, 2023",7:30p,Toronto Raptors,,Boston Celtics,,,,,TD Garden,
"Fri, Dec 29, 2023",7:30p,Milwaukee Bucks,,Cleveland Cavaliers,,,,,Rocket Mortgage Fieldhouse,
"Fri, Dec 29, 2023",8:00p,Philadelphia 76ers,,Houston Rockets,,,,,Toyota Center,
"Fri, Dec 29, 2023",9:00p,Oklahoma City Thunder,,Denver Nuggets,,,,,Ball Arena,
"Fri, Dec 29, 2023",9:00p,Charlotte Hornets,,Phoenix Suns,,,,,Footprint Center,
"Fri, Dec 29, 2023",10:00p,San Antonio Spurs,,Portland Trail Blazers,,,,,Moda Center,
"Fri, Dec 29, 2023",10:30p,Memphis Grizzlies,,Los Angeles Clippers,,,,,Crypto.com Arena,
"Sat, Dec 30, 2023",5:00p,Miami Heat,,Utah Jazz,,,,,Delta Center,
"Sat, Dec 30, 2023",6:00p,Toronto Raptors,,Detroit Pistons,,,,,Little Caesars Arena,
"Sat, Dec 30, 2023",7:00p,New York Knicks,,Indiana Pacers,,,,,Gainbridge Fieldhouse,
"Sat, Dec 30, 2023",8:00p,Philadelphia 76ers,,Chicago Bulls,,,,,United Center,
"Sat, Dec 30, 2023",8:00p,Los Angeles Lakers,,Minnesota Timberwolves,,,,,Target Center,
"Sat, Dec 30, 2023",8:30p,Dallas Mavericks,,Golden State Warriors,,,,,Chase Center,
"Sun, Dec 31, 2023",3:00p,Atlanta Hawks,,Washington Wizards,,,,,Capital One Arena,
"Sun, Dec 31, 2023",7:00p,Los Angeles Lakers,,New Orleans Pelicans,,,,,Smoothie King Center,
"Sun, Dec 31, 2023",7:00p,Brooklyn Nets,,Oklahoma City Thunder,,,,,Paycom Center,
"Sun, Dec 31, 2023",7:00p,Boston Celtics,,San Antonio Spurs,,,,,AT&T Center,
"Sun, Dec 31, 2023",8:00p,Sacramento Kings,,Memphis Grizzlies,,,,,FedEx Forum,
"Sun, Dec 31, 2023",8:00p,Orlando Magic,,Phoenix Suns,,,,,Footprint Center,
"Mon, Jan 1, 2024",3:00p,Minnesota Timberwolves,,New York Knicks,,,,,Madison Square Garden (IV),
"Mon, Jan 1, 2024",7:30p,Cleveland Cavaliers,,Toronto Raptors,,,,,Scotiabank Arena,
"Mon, Jan 1, 2024",8:00p,Detroit Pistons,,Houston Rockets,,,,,Toyota Center,
"Mon, Jan 1, 2024",8:00p,Indiana Pacers,,Milwaukee Bucks,,,,,Fiserv Forum,
"Mon, Jan 1, 2024",9:00p,Charlotte Hornets,,Denver Nuggets,,,,,Ball Arena,
"Mon, Jan 1, 2024",9:00p,Portland Trail Blazers,,Phoenix Suns,,,,,Footprint Center,
"Mon, Jan 1, 2024",9:00p,Dallas Mavericks,,Utah Jazz,,,,,Delta Center,
"Mon, Jan 1, 2024",10:30p,Miami Heat,,Los Angeles Clippers,,,,,Crypto.com Arena,
"Tue, Jan 2, 2024",7:00p,Chicago Bulls,,Philadelphia 76ers,,,,,Wells Fargo Center,
"Tue, Jan 2, 2024",8:00p,San Antonio Spurs,,Memphis Grizzlies,,,,,FedEx Forum,
"Tue, Jan 2, 2024",8:00p,Brooklyn Nets,,New Orleans Pelicans,,,,,Smoothie King Center,
"Tue, Jan 2, 2024",8:00p,Boston Celtics,,Oklahoma City Thunder,,,,,Paycom Center,
"Tue, Jan 2, 2024",10:00p,Orlando Magic,,Golden State Warriors,,,,,Chase Center,
"Tue, Jan 2, 2024",10:00p,Charlotte Hornets,,Sacramento Kings,,,,,Golden 1 Center,
"Wed, Jan 3, 2024",7:00p,Washington Wizards,,Cleveland Cavaliers,,,,,Rocket Mortgage Fieldhouse,
"Wed, Jan 3, 2024",7:00p,Milwaukee Bucks,,Indiana Pacers,,,,,Gainbridge Fieldhouse,
"Wed, Jan 3, 2024",7:30p,Oklahoma City Thunder,,Atlanta Hawks,,,,,State Farm Arena,
"Wed, Jan 3, 2024",7:30p,Chicago Bulls,,New York Knicks,,,,,Madison Square Garden (IV),
"Wed, Jan 3, 2024",8:00p,Brooklyn Nets,,Houston Rockets,,,,,Toyota Center,
"Wed, Jan 3, 2024",8:00p,Toronto Raptors,,Memphis Grizzlies,,,,,FedEx Forum,
"Wed, Jan 3, 2024",8:00p,New Orleans Pelicans,,Minnesota Timberwolves,,,,,Target Center,
"Wed, Jan 3, 2024",8:30p,Portland Trail Blazers,,Dallas Mavericks,,,,,American Airlines Center,
"Wed, Jan 3, 2024",9:00p,Los Angeles Clippers,,Phoenix Suns,,,,,Footprint Center,
"Wed, Jan 3, 2024",9:00p,Detroit Pistons,,Utah Jazz,,,,,Delta Center,
"Wed, Jan 3, 2024",10:00p,Miami Heat,,Los Angeles Lakers,,,,,Crypto.com Arena,
"Wed, Jan 3, 2024",10:00p,Orlando Magic,,Sacramento Kings,,,,,Golden 1 Center,
"Thu, Jan 4, 2024",7:30p,Milwaukee Bucks,,San Antonio Spurs,,,,,AT&T Center,
"Thu, Jan 4, 2024",10:00p,Denver Nuggets,,Golden State Warriors,,,,,Chase Center,
"Fri, Jan 5, 2024",7:00p,Utah Jazz,,Boston Celtics,,,,,TD Garden,
"Fri, Jan 5, 2024",7:00p,Atlanta Hawks,,Indiana Pacers,,,,,Gainbridge Fieldhouse,
"Fri, Jan 5, 2024",7:30p,Oklahoma City Thunder,,Brooklyn Nets,,,,,Barclays Center,
"Fri, Jan 5, 2024",7:30p,Washington Wizards,,Cleveland Cavaliers,,,,,Rocket Mortgage Fieldhouse,
"Fri, Jan 5, 2024",7:30p,New York Knicks,,Philadelphia 76ers,,,,,Wells Fargo Center,
"Fri, Jan 5, 2024",8:00p,Charlotte Hornets,,Chicago Bulls,,,,,United Center,
"Fri, Jan 5, 2024",8:00p,Minnesota Timberwolves,,Houston Rockets,,,,,Toyota Center,
"Fri, Jan 5, 2024",8:00p,Los Angeles Clippers,,New Orleans Pelicans,,,,,Smoothie King Center,
"Fri, Jan 5, 2024",8:30p,Portland Trail Blazers,,Dallas Mavericks,,,,,American Airlines Center,
"Fri, Jan 5, 2024",9:00p,Orlando Magic,,Denver Nuggets,,,,,Ball Arena,
"Fri, Jan 5, 2024",9:00p,Miami Heat,,Phoenix Suns,,,,,Footprint Center,
"Fri, Jan 5, 2024",10:00p,Detroit Pistons,,Golden State Warriors,,,,,Chase Center,
"Fri, Jan 5, 2024",10:00p,Memphis Grizzlies,,Los Angeles Lakers,,,,,Crypto.com Arena,
"Fri, Jan 5, 2024",10:00p,Toronto Raptors,,Sacramento Kings,,,,,Golden 1 Center,
"Sat, Jan 6, 2024",7:00p,Boston Celtics,,Indiana Pacers,,,,,Gainbridge Fieldhouse,
"Sat, Jan 6, 2024",7:00p,New York Knicks,,Washington Wizards,,,,,Capital One Arena,
"Sat, Jan 6, 2024",7:30p,Utah Jazz,,Philadelphia 76ers,,,,,Wells Fargo Center,
"Sat, Jan 6, 2024",8:00p,Milwaukee Bucks,,Houston Rockets,,,,,Toyota Center,
"Sun, Jan 7, 2024",1:00p,San Antonio Spurs,,Cleveland Cavaliers,,,,,Rocket Mortgage Fieldhouse,
"Sun, Jan 7, 2024",3:00p,Portland Trail Blazers,,Brooklyn Nets,,,,,Barclays Center,
"Sun, Jan 7, 2024",6:00p,Atlanta Hawks,,Orlando Magic,,,,,Amway Center,
"Sun, Jan 7, 2024",6:00p,New Orleans Pelicans,,Sacramento Kings,,,,,Golden 1 Center,
"Sun, Jan 7, 2024",7:30p,Minnesota Timberwolves,,Dallas Mavericks,,,,,American Airlines Center,
"Sun, Jan 7, 2024",8:00p,Detroit Pistons,,Denver Nuggets,,,,,Ball Arena,
"Sun, Jan 7, 2024",8:00p,Memphis Grizzlies,,Phoenix Suns,,,,,Footprint Center,
"Sun, Jan 7, 2024",8:30p,Toronto Raptors,,Golden State Warriors,,,,,Chase Center,
"Sun, Jan 7, 2024",9:30p,Los Angeles Clippers,,Los Angeles Lakers,,,,,Crypto.com Arena,
"Mon, Jan 8, 2024",7:00p,Chicago Bulls,,Charlotte Hornets,,,,,Spectrum Center,
"Mon, Jan 8, 2024",7:00p,Boston Celtics,,Indiana Pacers,,,,,Gainbridge Fieldhouse,
"Mon, Jan 8, 2024",7:00p,Oklahoma City Thunder,,Washington Wizards,,,,,Capital One Arena,
"Mon, Jan 8, 2024",7:30p,Houston Rockets,,Miami Heat,,,,,Kaseya Center,
"Mon, Jan 8, 2024",8:00p,Utah Jazz,,Milwaukee Bucks,,,,,Fiserv Forum,
"Mon, Jan 8, 2024",10:30p,Phoenix Suns,,Los Angeles Clippers,,,,,Crypto.com Arena,
"Tue, Jan 9, 2024",7:00p,Sacramento Kings,,Detroit Pistons,,,,,Little Caesars Arena,
"Tue, Jan 9, 2024",7:00p,Minnesota Timberwolves,,Orlando Magic,,,,,Amway Center,
"Tue, Jan 9, 2024",7:30p,Portland Trail Blazers,,New York Knicks,,,,,Madison Square Garden (IV),
"Tue, Jan 9, 2024",8:30p,Memphis Grizzlies,,Dallas Mavericks,,,,,American Airlines Center,
"Tue, Jan 9, 2024",10:30p,Toronto Raptors,,Los Angeles Lakers,,,,,Crypto.com Arena,
"Wed, Jan 10, 2024",7:00p,Minnesota Timberwolves,,Boston Celtics,,,,,TD Garden,
"Wed, Jan 10, 2024",7:00p,Sacramento Kings,,Charlotte Hornets,,,,,Spectrum Center,
"Wed, Jan 10, 2024",7:00p,San Antonio Spurs,,Detroit Pistons,,,,,Little Caesars Arena,
"Wed, Jan 10, 2024",7:00p,Washington Wizards,,Indiana Pacers,,,,,Gainbridge Fieldhouse,
"Wed, Jan 10, 2024",7:30p,Philadelphia 76ers,,Atlanta Hawks,,,,,State Farm Arena,
"Wed, Jan 10, 2024",7:30p,Oklahoma City Thunder,,Miami Heat,,,,,Kaseya Center,
"Wed, Jan 10, 2024",8:00p,Houston Rockets,,Chicago Bulls,,,,,United Center,
"Wed, Jan 10, 2024",9:00p,Denver Nuggets,,Utah Jazz,,,,,Delta Center,
"Wed, Jan 10, 2024",10:00p,New Orleans Pelicans,,Golden State Warriors,,,,,Chase Center,
"Wed, Jan 10, 2024",10:30p,Toronto Raptors,,Los Angeles Clippers,,,,,Crypto.com Arena,
"Thu, Jan 11, 2024",2:00p,Brooklyn Nets,,Cleveland Cavaliers,,,,,,
"Thu, Jan 11, 2024",7:30p,Boston Celtics,,Milwaukee Bucks,,,,,Fiserv Forum,
"Thu, Jan 11, 2024",8:00p,Portland Trail Blazers,,Oklahoma City Thunder,,,,,Paycom Center,
"Thu, Jan 11, 2024",8:30p,New York Knicks,,Dallas Mavericks,,,,,American Airlines Center,
"Thu, Jan 11, 2024",10:00p,Phoenix Suns,,Los Angeles Lakers,,,,,Crypto.com Arena,
"Fri, Jan 12, 2024",7:00p,Sacramento Kings,,Philadelphia 76ers,,,,,Wells Fargo Center,
"Fri, Jan 12, 2024",7:30p,Indiana Pacers,,Atlanta Hawks,,,,,State Farm Arena,
"Fri, Jan 12, 2024",7:30p,Houston Rockets,,Detroit Pistons,,,,,Little Caesars Arena,
"Fri, Jan 12, 2024",8:00p,Golden State Warriors,,Chicago Bulls,,,,,United Center,
"Fri, Jan 12, 2024",8:00p,Los Angeles Clippers,,Memphis Grizzlies,,,,,FedEx Forum,
"Fri, Jan 12, 2024",8:00p,Orlando Magic,,Miami Heat,,,,,Kaseya Center,
"Fri, Jan 12, 2024",8:00p,Portland Trail Blazers,,Minnesota Timberwolves,,,,,Target Center,
"Fri, Jan 12, 2024",9:00p,New Orleans Pelicans,,Denver Nuggets,,,,,Ball Arena,
"Fri, Jan 12, 2024",9:30p,Toronto Raptors,,Utah Jazz,,,,,Delta Center,
"Fri, Jan 12, 2024",10:00p,Charlotte Hornets,,San Antonio Spurs,,,,,AT&T Center,
"Sat, Jan 13, 2024",7:00p,Houston Rockets,,Boston Celtics,,,,,TD Garden,
"Sat, Jan 13, 2024",7:30p,Washington Wizards,,Atlanta Hawks,,,,,State Farm Arena,
"Sat, Jan 13, 2024",8:00p,New York Knicks,,Memphis Grizzlies,,,,,FedEx Forum,
"Sat, Jan 13, 2024",8:00p,Golden State Warriors,,Milwaukee Bucks,,,,,Fiserv Forum,
"Sat, Jan 13, 2024",8:00p,Orlando Magic,,Oklahoma City Thunder,,,,,Paycom Center,
"Sat, Jan 13, 2024",8:30p,New Orleans Pelicans,,Dallas Mavericks,,,,,American Airlines Center,
"Sat, Jan 13, 2024",8:30p,Chicago Bulls,,San Antonio Spurs,,,,,AT&T Center,
"Sat, Jan 13, 2024",9:30p,Los Angeles Lakers,,Utah Jazz,,,,,Delta Center,
"Sun, Jan 14, 2024",3:30p,Indiana Pacers,,Denver Nuggets,,,,,Ball Arena,
"Sun, Jan 14, 2024",6:00p,Charlotte Hornets,,Miami Heat,,,,,Kaseya Center,
"Sun, Jan 14, 2024",7:00p,Sacramento Kings,,Milwaukee Bucks,,,,,Fiserv Forum,
"Sun, Jan 14, 2024",7:00p,Los Angeles Clippers,,Minnesota Timberwolves,,,,,Target Center,
"Sun, Jan 14, 2024",9:00p,Phoenix Suns,,Portland Trail Blazers,,,,,Moda Center,
"Mon, Jan 15, 2024",1:00p,Houston Rockets,,Philadelphia 76ers,,,,,Wells Fargo Center,
"Mon, Jan 15, 2024",2:30p,New Orleans Pelicans,,Dallas Mavericks,,,,,American Airlines Center,
"Mon, Jan 15, 2024",3:00p,Orlando Magic,,New York Knicks,,,,,Madison Square Garden (IV),
"Mon, Jan 15, 2024",3:00p,Detroit Pistons,,Washington Wizards,,,,,Capital One Arena,
"Mon, Jan 15, 2024",3:30p,San Antonio Spurs,,Atlanta Hawks,,,,,State Farm Arena,
"Mon, Jan 15, 2024",6:00p,Golden State Warriors,,Memphis Grizzlies,,,,,FedEx Forum,
"Mon, Jan 15, 2024",7:00p,Chicago Bulls,,Cleveland Cavaliers,,,,,Rocket Mortgage Fieldhouse,
"Mon, Jan 15, 2024",7:30p,Miami Heat,,Brooklyn Nets,,,,,Barclays Center,
"Mon, Jan 15, 2024",7:30p,Boston Celtics,,Toronto Raptors,,,,,Scotiabank Arena,
"Mon, Jan 15, 2024",9:00p,Indiana Pacers,,Utah Jazz,,,,,Delta Center,
"Mon, Jan 15, 2024",10:30p,Oklahoma City Thunder,,Los Angeles Lakers,,,,,Crypto.com Arena,
"Tue, Jan 16, 2024",7:30p,Denver Nuggets,,Philadelphia 76ers,,,,,Wells Fargo Center,
"Tue, Jan 16, 2024",9:00p,Sacramento Kings,,Phoenix Suns,,,,,Footprint Center,
"Tue, Jan 16, 2024",10:00p,Oklahoma City Thunder,,Los Angeles Clippers,,,,,Crypto.com Arena,
"Wed, Jan 17, 2024",7:00p,Minnesota Timberwolves,,Detroit Pistons,,,,,Little Caesars Arena,
"Wed, Jan 17, 2024",7:30p,Orlando Magic,,Atlanta Hawks,,,,,State Farm Arena,
"Wed, Jan 17, 2024",7:30p,San Antonio Spurs,,Boston Celtics,,,,,TD Garden,
"Wed, Jan 17, 2024",7:30p,Milwaukee Bucks,,Cleveland Cavaliers,,,,,Rocket Mortgage Fieldhouse,
"Wed, Jan 17, 2024",7:30p,Houston Rockets,,New York Knicks,,,,,Madison Square Garden (IV),
"Wed, Jan 17, 2024",7:30p,Miami Heat,,Toronto Raptors,,,,,Scotiabank Arena,
"Wed, Jan 17, 2024",8:00p,Charlotte Hornets,,New Orleans Pelicans,,,,,Smoothie King Center,
"Wed, Jan 17, 2024",9:00p,Golden State Warriors,,Utah Jazz,,,,,Delta Center,
"Wed, Jan 17, 2024",10:00p,Dallas Mavericks,,Los Angeles Lakers,,,,,Crypto.com Arena,
"Wed, Jan 17, 2024",10:00p,Brooklyn Nets,,Portland Trail Blazers,,,,,Moda Center,
"Thu, Jan 18, 2024",7:30p,Washington Wizards,,New York Knicks,,,,,Madison Square Garden (IV),
"Thu, Jan 18, 2024",7:30p,Chicago Bulls,,Toronto Raptors,,,,,Scotiabank Arena,
"Thu, Jan 18, 2024",9:00p,Oklahoma City Thunder,,Utah Jazz,,,,,Delta Center,
"Thu, Jan 18, 2024",10:00p,Memphis Grizzlies,,Minnesota Timberwolves,,,,,Target Center,
"Thu, Jan 18, 2024",10:00p,Indiana Pacers,,Sacramento Kings,,,,,Golden 1 Center,
"Fri, Jan 19, 2024",7:00p,San Antonio Spurs,,Charlotte Hornets,,,,,Spectrum Center,
"Fri, Jan 19, 2024",7:00p,Philadelphia 76ers,,Orlando Magic,,,,,Amway Center,
"Fri, Jan 19, 2024",7:30p,Denver Nuggets,,Boston Celtics,,,,,TD Garden,
"Fri, Jan 19, 2024",8:00p,Atlanta Hawks,,Miami Heat,,,,,Kaseya Center,
"Fri, Jan 19, 2024",8:00p,Phoenix Suns,,New Orleans Pelicans,,,,,Smoothie King Center,
"Fri, Jan 19, 2024",10:00p,Dallas Mavericks,,Golden State Warriors,,,,,Chase Center,
"Fri, Jan 19, 2024",10:00p,Indiana Pacers,,Portland Trail Blazers,,,,,Moda Center,
"Fri, Jan 19, 2024",10:30p,Brooklyn Nets,,Los Angeles Lakers,,,,,Crypto.com Arena,
"Sat, Jan 20, 2024",3:00p,Milwaukee Bucks,,Detroit Pistons,,,,,Little Caesars Arena,
"Sat, Jan 20, 2024",7:00p,Philadelphia 76ers,,Charlotte Hornets,,,,,Spectrum Center,
"Sat, Jan 20, 2024",7:00p,San Antonio Spurs,,Washington Wizards,,,,,Capital One Arena,
"Sat, Jan 20, 2024",7:30p,Cleveland Cavaliers,,Atlanta Hawks,,,,,State Farm Arena,
"Sat, Jan 20, 2024",7:30p,Toronto Raptors,,New York Knicks,,,,,Madison Square Garden (IV),
"Sat, Jan 20, 2024",8:00p,Memphis Grizzlies,,Chicago Bulls,,,,,United Center,
"Sat, Jan 20, 2024",8:00p,Utah Jazz,,Houston Rockets,,,,,Toyota Center,
"Sat, Jan 20, 2024",8:00p,Oklahoma City Thunder,,Minnesota Timberwolves,,,,,Target Center,
"Sun, Jan 21, 2024",3:30p,Brooklyn Nets,,Los Angeles Clippers,,,,,Crypto.com Arena,
"Sun, Jan 21, 2024",6:00p,Miami Heat,,Orlando Magic,,,,,Amway Center,
"Sun, Jan 21, 2024",6:00p,Denver Nuggets,,Washington Wizards,,,,,Capital One Arena,
"Sun, Jan 21, 2024",7:00p,Boston Celtics,,Houston Rockets,,,,,Toyota Center,
"Sun, Jan 21, 2024",8:00p,Indiana Pacers,,Phoenix Suns,,,,,Footprint Center,
"Sun, Jan 21, 2024",10:00p,Portland Trail Blazers,,Los Angeles Lakers,,,,,Crypto.com Arena,
"Mon, Jan 22, 2024",7:00p,Milwaukee Bucks,,Detroit Pistons,,,,,Little Caesars Arena,
"Mon, Jan 22, 2024",7:00p,Cleveland Cavaliers,,Orlando Magic,,,,,Amway Center,
"Mon, Jan 22, 2024",7:00p,San Antonio Spurs,,Philadelphia 76ers,,,,,Wells Fargo Center,
"Mon, Jan 22, 2024",7:30p,Memphis Grizzlies,,Toronto Raptors,,,,,Scotiabank Arena,
"Mon, Jan 22, 2024",8:00p,Charlotte Hornets,,Minnesota Timberwolves,,,,,Target Center,
"Mon, Jan 22, 2024",8:30p,Boston Celtics,,Dallas Mavericks,,,,,American Airlines Center,
"Mon, Jan 22, 2024",9:00p,Chicago Bulls,,Phoenix Suns,,,,,Footprint Center,
"Mon, Jan 22, 2024",10:00p,Atlanta Hawks,,Sacramento Kings,,,,,Golden 1 Center,
"Tue, Jan 23, 2024",7:00p,Denver Nuggets,,Indiana Pacers,,,,,Gainbridge Fieldhouse,
"Tue, Jan 23, 2024",7:30p,New York Knicks,,Brooklyn Nets,,,,,Barclays Center,
"Tue, Jan 23, 2024",8:00p,Utah Jazz,,New Orleans Pelicans,,,,,Smoothie King Center,
"Tue, Jan 23, 2024",8:00p,Portland Trail Blazers,,Oklahoma City Thunder,,,,,Paycom Center,
"Tue, Jan 23, 2024",10:00p,Los Angeles Lakers,,Los Angeles Clippers,,,,,Crypto.com Arena,
"Wed, Jan 24, 2024",7:00p,Charlotte Hornets,,Detroit Pistons,,,,,Little Caesars Arena,
"Wed, Jan 24, 2024",7:00p,Minnesota Timberwolves,,Washington Wizards,,,,,Capital One Arena,
"Wed, Jan 24, 2024",7:30p,Memphis Grizzlies,,Miami Heat,,,,,Kaseya Center,
"Wed, Jan 24, 2024",7:30p,Oklahoma City Thunder,,San Antonio Spurs,,,,,AT&T Center,
"Wed, Jan 24, 2024",8:00p,Portland Trail Blazers,,Houston Rockets,,,,,Toyota Center,
"Wed, Jan 24, 2024",8:00p,Cleveland Cavaliers,,Milwaukee Bucks,,,,,Fiserv Forum,
"Wed, Jan 24, 2024",10:00p,Phoenix Suns,,Dallas Mavericks,,,,,American Airlines Center,
"Wed, Jan 24, 2024",10:00p,Atlanta Hawks,,Golden State Warriors,,,,,Chase Center,
"Thu, Jan 25, 2024",7:00p,Philadelphia 76ers,,Indiana Pacers,,,,,Gainbridge Fieldhouse,
"Thu, Jan 25, 2024",7:00p,Utah Jazz,,Washington Wizards,,,,,Capital One Arena,
"Thu, Jan 25, 2024",7:30p,Minnesota Timberwolves,,Brooklyn Nets,,,,,Barclays Center,
"Thu, Jan 25, 2024",7:30p,Boston Celtics,,Miami Heat,,,,,Kaseya Center,
"Thu, Jan 25, 2024",7:30p,Denver Nuggets,,New York Knicks,,,,,Madison Square Garden (IV),
"Thu, Jan 25, 2024",10:00p,Sacramento Kings,,Golden State Warriors,,,,,Chase Center,
"Thu, Jan 25, 2024",10:30p,Chicago Bulls,,Los Angeles Lakers,,,,,Crypto.com Arena,
"Fri, Jan 26, 2024",7:00p,Dallas Mavericks,,Atlanta Hawks,,,,,State Farm Arena,
"Fri, Jan 26, 2024",7:00p,Houston Rockets,,Charlotte Hornets,,,,,Spectrum Center,
"Fri, Jan 26, 2024",7:00p,Phoenix Suns,,Indiana Pacers,,,,,Gainbridge Fieldhouse,
"Fri, Jan 26, 2024",7:30p,Los Angeles Clippers,,Toronto Raptors,,,,,Scotiabank Arena,
"Fri, Jan 26, 2024",8:00p,Orlando Magic,,Memphis Grizzlies,,,,,FedEx Forum,
"Fri, Jan 26, 2024",8:00p,Cleveland Cavaliers,,Milwaukee Bucks,,,,,Fiserv Forum,
"Fri, Jan 26, 2024",8:00p,Oklahoma City Thunder,,New Orleans Pelicans,,,,,Smoothie King Center,
"Fri, Jan 26, 2024",9:30p,Portland Trail Blazers,,San Antonio Spurs,,,,,AT&T Center,
"Sat, Jan 27, 2024",12:00p,Washington Wizards,,Detroit Pistons,,,,,Little Caesars Arena,
"Sat, Jan 27, 2024",3:00p,Miami Heat,,New York Knicks,,,,,Madison Square Garden (IV),
"Sat, Jan 27, 2024",5:30p,Philadelphia 76ers,,Denver Nuggets,,,,,Ball Arena,
"Sat, Jan 27, 2024",6:00p,Houston Rockets,,Brooklyn Nets,,,,,Barclays Center,
"Sat, Jan 27, 2024",7:00p,Los Angeles Clippers,,Boston Celtics,,,,,TD Garden,
"Sat, Jan 27, 2024",7:00p,Utah Jazz,,Charlotte Hornets,,,,,Spectrum Center,
"Sat, Jan 27, 2024",8:00p,New Orleans Pelicans,,Milwaukee Bucks,,,,,Fiserv Forum,
"Sat, Jan 27, 2024",8:30p,Los Angeles Lakers,,Golden State Warriors,,,,,Chase Center,
"Sat, Jan 27, 2024",8:30p,Minnesota Timberwolves,,San Antonio Spurs,,,,,AT&T Center,
"Sat, Jan 27, 2024",9:00p,Sacramento Kings,,Dallas Mavericks,,,,,American Airlines Center,
"Sun, Jan 28, 2024",3:30p,Memphis Grizzlies,,Indiana Pacers,,,,,Gainbridge Fieldhouse,
"Sun, Jan 28, 2024",6:00p,Toronto Raptors,,Atlanta Hawks,,,,,State Farm Arena,
"Sun, Jan 28, 2024",6:00p,Oklahoma City Thunder,,Detroit Pistons,,,,,Little Caesars Arena,
"Sun, Jan 28, 2024",6:00p,Phoenix Suns,,Orlando Magic,,,,,Amway Center,
"Sun, Jan 28, 2024",9:00p,Chicago Bulls,,Portland Trail Blazers,,,,,Moda Center,
"Mon, Jan 29, 2024",7:00p,New York Knicks,,Charlotte Hornets,,,,,Spectrum Center,
"Mon, Jan 29, 2024",7:00p,Los Angeles Clippers,,Cleveland Cavaliers,,,,,Rocket Mortgage Fieldhouse,
"Mon, Jan 29, 2024",7:30p,New Orleans Pelicans,,Boston Celtics,,,,,TD Garden,
"Mon, Jan 29, 2024",7:30p,Utah Jazz,,Brooklyn Nets,,,,,Barclays Center,
"Mon, Jan 29, 2024",7:30p,Phoenix Suns,,Miami Heat,,,,,Kaseya Center,
"Mon, Jan 29, 2024",8:00p,Los Angeles Lakers,,Houston Rockets,,,,,Toyota Center,
"Mon, Jan 29, 2024",8:00p,Sacramento Kings,,Memphis Grizzlies,,,,,FedEx Forum,
"Mon, Jan 29, 2024",8:00p,Minnesota Timberwolves,,Oklahoma City Thunder,,,,,Paycom Center,
"Mon, Jan 29, 2024",8:00p,Washington Wizards,,San Antonio Spurs,,,,,AT&T Center,
"Mon, Jan 29, 2024",8:30p,Orlando Magic,,Dallas Mavericks,,,,,American Airlines Center,
"Mon, Jan 29, 2024",9:00p,Milwaukee Bucks,,Denver Nuggets,,,,,Ball Arena,
"Mon, Jan 29, 2024",10:00p,Philadelphia 76ers,,Portland Trail Blazers,,,,,Moda Center,
"Tue, Jan 30, 2024",7:30p,Los Angeles Lakers,,Atlanta Hawks,,,,,State Farm Arena,
"Tue, Jan 30, 2024",7:30p,Indiana Pacers,,Boston Celtics,,,,,TD Garden,
"Tue, Jan 30, 2024",7:30p,Utah Jazz,,New York Knicks,,,,,Madison Square Garden (IV),
"Tue, Jan 30, 2024",8:00p,Toronto Raptors,,Chicago Bulls,,,,,United Center,
"Tue, Jan 30, 2024",10:00p,Philadelphia 76ers,,Golden State Warriors,,,,,Chase Center,
"Wed, Jan 31, 2024",7:00p,Chicago Bulls,,Charlotte Hornets,,,,,Spectrum Center,
"Wed, Jan 31, 2024",7:00p,Detroit Pistons,,Cleveland Cavaliers,,,,,Rocket Mortgage Fieldhouse,
"Wed, Jan 31, 2024",7:00p,Los Angeles Clippers,,Washington Wizards,,,,,Capital One Arena,
"Wed, Jan 31, 2024",7:30p,Phoenix Suns,,Brooklyn Nets,,,,,Barclays Center,
"Wed, Jan 31, 2024",7:30p,Sacramento Kings,,Miami Heat,,,,,Kaseya Center,
"Wed, Jan 31, 2024",8:00p,New Orleans Pelicans,,Houston Rockets,,,,,Toyota Center,
"Wed, Jan 31, 2024",8:00p,Dallas Mavericks,,Minnesota Timberwolves,,,,,Target Center,
"Wed, Jan 31, 2024",8:00p,Orlando Magic,,San Antonio Spurs,,,,,AT&T Center,
"Wed, Jan 31, 2024",10:00p,Denver Nuggets,,Oklahoma City Thunder,,,,,Paycom Center,
"Wed, Jan 31, 2024",10:00p,Milwaukee Bucks,,Portland Trail Blazers,,,,,Moda Center,
"Thu, Feb 1, 2024",7:30p,Los Angeles Lakers,,Boston Celtics,,,,,TD Garden,
"Thu, Feb 1, 2024",7:30p,Indiana Pacers,,New York Knicks,,,,,Madison Square Garden (IV),
"Thu, Feb 1, 2024",9:00p,Philadelphia 76ers,,Utah Jazz,,,,,Delta Center,
"Thu, Feb 1, 2024",10:00p,Cleveland Cavaliers,,Memphis Grizzlies,,,,,FedEx Forum,
"Fri, Feb 2, 2024",7:00p,Los Angeles Clippers,,Detroit Pistons,,,,,Little Caesars Arena,
"Fri, Feb 2, 2024",7:00p,Miami Heat,,Washington Wizards,,,,,Capital One Arena,
"Fri, Feb 2, 2024",7:30p,Phoenix Suns,,Atlanta Hawks,,,,,State Farm Arena,
"Fri, Feb 2, 2024",7:30p,Sacramento Kings,,Indiana Pacers,,,,,Gainbridge Fieldhouse,
"Fri, Feb 2, 2024",8:00p,Toronto Raptors,,Houston Rockets,,,,,Toyota Center,
"Fri, Feb 2, 2024",8:00p,Golden State Warriors,,Memphis Grizzlies,,,,,FedEx Forum,
"Fri, Feb 2, 2024",8:00p,Orlando Magic,,Minnesota Timberwolves,,,,,Target Center,
"Fri, Feb 2, 2024",8:00p,Charlotte Hornets,,Oklahoma City Thunder,,,,,Paycom Center,
"Fri, Feb 2, 2024",8:00p,New Orleans Pelicans,,San Antonio Spurs,,,,,AT&T Center,
"Fri, Feb 2, 2024",9:00p,Portland Trail Blazers,,Denver Nuggets,,,,,Ball Arena,
"Sat, Feb 3, 2024",6:00p,Brooklyn Nets,,Philadelphia 76ers,,,,,Wells Fargo Center,
"Sat, Feb 3, 2024",7:30p,Golden State Warriors,,Atlanta Hawks,,,,,State Farm Arena,
"Sat, Feb 3, 2024",8:00p,Sacramento Kings,,Chicago Bulls,,,,,United Center,
"Sat, Feb 3, 2024",8:30p,Milwaukee Bucks,,Dallas Mavericks,,,,,American Airlines Center,
"Sat, Feb 3, 2024",8:30p,Los Angeles Lakers,,New York Knicks,,,,,Madison Square Garden (IV),
"Sat, Feb 3, 2024",8:30p,Cleveland Cavaliers,,San Antonio Spurs,,,,,AT&T Center,
"Sun, Feb 4, 2024",3:00p,Orlando Magic,,Detroit Pistons,,,,,Little Caesars Arena,
"Sun, Feb 4, 2024",3:30p,Phoenix Suns,,Washington Wizards,,,,,Capital One Arena,
"Sun, Feb 4, 2024",6:00p,Memphis Grizzlies,,Boston Celtics,,,,,TD Garden,
"Sun, Feb 4, 2024",6:00p,Indiana Pacers,,Charlotte Hornets,,,,,Spectrum Center,
"Sun, Feb 4, 2024",6:00p,Los Angeles Clippers,,Miami Heat,,,,,Kaseya Center,
"Sun, Feb 4, 2024",7:00p,Houston Rockets,,Minnesota Timberwolves,,,,,Target Center,
"Sun, Feb 4, 2024",7:00p,Toronto Raptors,,Oklahoma City Thunder,,,,,Paycom Center,
"Sun, Feb 4, 2024",8:00p,Milwaukee Bucks,,Utah Jazz,,,,,Delta Center,
"Sun, Feb 4, 2024",8:30p,Portland Trail Blazers,,Denver Nuggets,,,,,Ball Arena,
"Mon, Feb 5, 2024",7:00p,Los Angeles Lakers,,Charlotte Hornets,,,,,Spectrum Center,
"Mon, Feb 5, 2024",7:00p,Sacramento Kings,,Cleveland Cavaliers,,,,,Rocket Mortgage Fieldhouse,
"Mon, Feb 5, 2024",7:00p,Dallas Mavericks,,Philadelphia 76ers,,,,,Wells Fargo Center,
"Mon, Feb 5, 2024",7:30p,Los Angeles Clippers,,Atlanta Hawks,,,,,State Farm Arena,
"Mon, Feb 5, 2024",7:30p,Golden State Warriors,,Brooklyn Nets,,,,,Barclays Center,
"Mon, Feb 5, 2024",8:00p,Toronto Raptors,,New Orleans Pelicans,,,,,Smoothie King Center,
"Tue, Feb 6, 2024",7:00p,Houston Rockets,,Indiana Pacers,,,,,Gainbridge Fieldhouse,
"Tue, Feb 6, 2024",7:30p,Dallas Mavericks,,Brooklyn Nets,,,,,Barclays Center,
"Tue, Feb 6, 2024",7:30p,Orlando Magic,,Miami Heat,,,,,Kaseya Center,
"Tue, Feb 6, 2024",7:30p,Memphis Grizzlies,,New York Knicks,,,,,Madison Square Garden (IV),
"Tue, Feb 6, 2024",8:00p,Minnesota Timberwolves,,Chicago Bulls,,,,,United Center,
"Tue, Feb 6, 2024",9:00p,Oklahoma City Thunder,,Utah Jazz,,,,,Delta Center,
"Tue, Feb 6, 2024",10:00p,Milwaukee Bucks,,Phoenix Suns,,,,,Footprint Center,
"Wed, Feb 7, 2024",7:00p,Toronto Raptors,,Charlotte Hornets,,,,,Spectrum Center,
"Wed, Feb 7, 2024",7:00p,Golden State Warriors,,Philadelphia 76ers,,,,,Wells Fargo Center,
"Wed, Feb 7, 2024",7:00p,Cleveland Cavaliers,,Washington Wizards,,,,,Capital One Arena,
"Wed, Feb 7, 2024",7:30p,Atlanta Hawks,,Boston Celtics,,,,,TD Garden,
"Wed, Feb 7, 2024",7:30p,San Antonio Spurs,,Miami Heat,,,,,Kaseya Center,
"Wed, Feb 7, 2024",10:00p,New Orleans Pelicans,,Los Angeles Clippers,,,,,Crypto.com Arena,
"Wed, Feb 7, 2024",10:00p,Detroit Pistons,,Sacramento Kings,,,,,Golden 1 Center,
"Thu, Feb 8, 2024",7:00p,Golden State Warriors,,Indiana Pacers,,,,,Gainbridge Fieldhouse,
"Thu, Feb 8, 2024",7:00p,San Antonio Spurs,,Orlando Magic,,,,,Amway Center,
"Thu, Feb 8, 2024",7:30p,Cleveland Cavaliers,,Brooklyn Nets,,,,,Barclays Center,
"Thu, Feb 8, 2024",7:30p,Dallas Mavericks,,New York Knicks,,,,,Madison Square Garden (IV),
"Thu, Feb 8, 2024",8:00p,Chicago Bulls,,Memphis Grizzlies,,,,,FedEx Forum,
"Thu, Feb 8, 2024",8:00p,Minnesota Timberwolves,,Milwaukee Bucks,,,,,Fiserv Forum,
"Thu, Feb 8, 2024",9:00p,Utah Jazz,,Phoenix Suns,,,,,Footprint Center,
"Thu, Feb 8, 2024",10:00p,Denver Nuggets,,Los Angeles Lakers,,,,,Crypto.com Arena,
"Thu, Feb 8, 2024",10:00p,Detroit Pistons,,Portland Trail Blazers,,,,,Moda Center,
"Fri, Feb 9, 2024",7:00p,Atlanta Hawks,,Philadelphia 76ers,,,,,Wells Fargo Center,
"Fri, Feb 9, 2024",7:30p,Washington Wizards,,Boston Celtics,,,,,TD Garden,
"Fri, Feb 9, 2024",7:30p,Houston Rockets,,Toronto Raptors,,,,,Scotiabank Arena,
"Fri, Feb 9, 2024",8:00p,Charlotte Hornets,,Milwaukee Bucks,,,,,Fiserv Forum,
"Fri, Feb 9, 2024",10:00p,Denver Nuggets,,Sacramento Kings,,,,,Golden 1 Center,
"Fri, Feb 9, 2024",10:30p,New Orleans Pelicans,,Los Angeles Lakers,,,,,Crypto.com Arena,
"Sat, Feb 10, 2024",3:00p,Oklahoma City Thunder,,Dallas Mavericks,,,,,American Airlines Center,
"Sat, Feb 10, 2024",3:30p,Detroit Pistons,,Los Angeles Clippers,,,,,Crypto.com Arena,
"Sat, Feb 10, 2024",6:00p,San Antonio Spurs,,Brooklyn Nets,,,,,Barclays Center,
"Sat, Feb 10, 2024",7:00p,Memphis Grizzlies,,Charlotte Hornets,,,,,Spectrum Center,
"Sat, Feb 10, 2024",7:00p,Chicago Bulls,,Orlando Magic,,,,,Amway Center,
"Sat, Feb 10, 2024",7:00p,Philadelphia 76ers,,Washington Wizards,,,,,Capital One Arena,
"Sat, Feb 10, 2024",7:30p,Houston Rockets,,Atlanta Hawks,,,,,State Farm Arena,
"Sat, Feb 10, 2024",7:30p,Indiana Pacers,,New York Knicks,,,,,Madison Square Garden (IV),
"Sat, Feb 10, 2024",7:30p,Cleveland Cavaliers,,Toronto Raptors,,,,,Scotiabank Arena,
"Sat, Feb 10, 2024",8:30p,Phoenix Suns,,Golden State Warriors,,,,,Chase Center,
"Sat, Feb 10, 2024",10:00p,New Orleans Pelicans,,Portland Trail Blazers,,,,,Moda Center,
"Sun, Feb 11, 2024",2:00p,Boston Celtics,,Miami Heat,,,,,Kaseya Center,
"Sun, Feb 11, 2024",3:00p,Sacramento Kings,,Oklahoma City Thunder,,,,,Paycom Center,
"Mon, Feb 12, 2024",7:00p,Indiana Pacers,,Charlotte Hornets,,,,,Spectrum Center,
"Mon, Feb 12, 2024",7:00p,Philadelphia 76ers,,Cleveland Cavaliers,,,,,Rocket Mortgage Fieldhouse,
"Mon, Feb 12, 2024",7:30p,Chicago Bulls,,Atlanta Hawks,,,,,State Farm Arena,
"Mon, Feb 12, 2024",7:30p,San Antonio Spurs,,Toronto Raptors,,,,,Scotiabank Arena,
"Mon, Feb 12, 2024",8:00p,New York Knicks,,Houston Rockets,,,,,Toyota Center,
"Mon, Feb 12, 2024",8:00p,New Orleans Pelicans,,Memphis Grizzlies,,,,,FedEx Forum,
"Mon, Feb 12, 2024",8:00p,Denver Nuggets,,Milwaukee Bucks,,,,,Fiserv Forum,
"Mon, Feb 12, 2024",8:30p,Washington Wizards,,Dallas Mavericks,,,,,American Airlines Center,
"Mon, Feb 12, 2024",9:00p,Golden State Warriors,,Utah Jazz,,,,,Delta Center,
"Mon, Feb 12, 2024",10:30p,Minnesota Timberwolves,,Los Angeles Clippers,,,,,Crypto.com Arena,
"Tue, Feb 13, 2024",7:30p,Boston Celtics,,Brooklyn Nets,,,,,Barclays Center,
"Tue, Feb 13, 2024",7:30p,Oklahoma City Thunder,,Orlando Magic,,,,,Amway Center,
"Tue, Feb 13, 2024",8:00p,Miami Heat,,Milwaukee Bucks,,,,,Fiserv Forum,
"Tue, Feb 13, 2024",10:00p,Sacramento Kings,,Phoenix Suns,,,,,Footprint Center,
"Tue, Feb 13, 2024",10:00p,Minnesota Timberwolves,,Portland Trail Blazers,,,,,Moda Center,
"Tue, Feb 13, 2024",10:30p,Detroit Pistons,,Los Angeles Lakers,,,,,Crypto.com Arena,
"Wed, Feb 14, 2024",7:00p,Atlanta Hawks,,Charlotte Hornets,,,,,Spectrum Center,
"Wed, Feb 14, 2024",7:00p,New York Knicks,,Orlando Magic,,,,,Amway Center,
"Wed, Feb 14, 2024",7:00p,Miami Heat,,Philadelphia 76ers,,,,,Wells Fargo Center,
"Wed, Feb 14, 2024",7:30p,Brooklyn Nets,,Boston Celtics,,,,,TD Garden,
"Wed, Feb 14, 2024",7:30p,Chicago Bulls,,Cleveland Cavaliers,,,,,Rocket Mortgage Fieldhouse,
"Wed, Feb 14, 2024",7:30p,Indiana Pacers,,Toronto Raptors,,,,,Scotiabank Arena,
"Wed, Feb 14, 2024",8:00p,Houston Rockets,,Memphis Grizzlies,,,,,FedEx Forum,
"Wed, Feb 14, 2024",8:00p,Washington Wizards,,New Orleans Pelicans,,,,,Smoothie King Center,
"Wed, Feb 14, 2024",8:30p,San Antonio Spurs,,Dallas Mavericks,,,,,American Airlines Center,
"Wed, Feb 14, 2024",9:00p,Sacramento Kings,,Denver Nuggets,,,,,Ball Arena,
"Wed, Feb 14, 2024",9:00p,Detroit Pistons,,Phoenix Suns,,,,,Footprint Center,
"Wed, Feb 14, 2024",9:00p,Los Angeles Lakers,,Utah Jazz,,,,,Delta Center,
"Wed, Feb 14, 2024",10:00p,Los Angeles Clippers,,Golden State Warriors,,,,,Chase Center,
"Thu, Feb 15, 2024",8:30p,Milwaukee Bucks,,Memphis Grizzlies,,,,,FedEx Forum,
"Thu, Feb 15, 2024",10:00p,Minnesota Timberwolves,,Portland Trail Blazers,,,,,Moda Center,
"Thu, Feb 22, 2024",7:00p,Orlando Magic,,Cleveland Cavaliers,,,,,Rocket Mortgage Fieldhouse,
"Thu, Feb 22, 2024",7:00p,Detroit Pistons,,Indiana Pacers,,,,,Gainbridge Fieldhouse,
"Thu, Feb 22, 2024",7:00p,New York Knicks,,Philadelphia 76ers,,,,,Wells Fargo Center,
"Thu, Feb 22, 2024",7:00p,Brooklyn Nets,,Toronto Raptors,,,,,Scotiabank Arena,
"Thu, Feb 22, 2024",7:30p,Phoenix Suns,,Dallas Mavericks,,,,,American Airlines Center,
"Thu, Feb 22, 2024",8:00p,Boston Celtics,,Chicago Bulls,,,,,United Center,
"Thu, Feb 22, 2024",8:00p,Houston Rockets,,New Orleans Pelicans,,,,,Smoothie King Center,
"Thu, Feb 22, 2024",8:00p,Los Angeles Clippers,,Oklahoma City Thunder,,,,,Paycom Center,
"Thu, Feb 22, 2024",9:00p,Washington Wizards,,Denver Nuggets,,,,,Ball Arena,
"Thu, Feb 22, 2024",9:00p,Charlotte Hornets,,Utah Jazz,,,,,Delta Center,
"Thu, Feb 22, 2024",10:00p,Los Angeles Lakers,,Golden State Warriors,,,,,Chase Center,
"Thu, Feb 22, 2024",10:00p,San Antonio Spurs,,Sacramento Kings,,,,,Golden 1 Center,
"Fri, Feb 23, 2024",7:30p,Toronto Raptors,,Atlanta Hawks,,,,,State Farm Arena,
"Fri, Feb 23, 2024",7:30p,Cleveland Cavaliers,,Philadelphia 76ers,,,,,Wells Fargo Center,
"Fri, Feb 23, 2024",8:00p,Phoenix Suns,,Houston Rockets,,,,,Toyota Center,
"Fri, Feb 23, 2024",8:00p,Los Angeles Clippers,,Memphis Grizzlies,,,,,FedEx Forum,
"Fri, Feb 23, 2024",8:00p,Milwaukee Bucks,,Minnesota Timberwolves,,,,,Target Center,
"Fri, Feb 23, 2024",8:00p,Washington Wizards,,Oklahoma City Thunder,,,,,Paycom Center,
"Fri, Feb 23, 2024",10:00p,Charlotte Hornets,,Golden State Warriors,,,,,Chase Center,
"Fri, Feb 23, 2024",10:00p,Miami Heat,,New Orleans Pelicans,,,,,Smoothie King Center,
"Fri, Feb 23, 2024",10:00p,Denver Nuggets,,Portland Trail Blazers,,,,,Moda Center,
"Fri, Feb 23, 2024",10:30p,San Antonio Spurs,,Los Angeles Lakers,,,,,Crypto.com Arena,
"Sat, Feb 24, 2024",8:00p,Orlando Magic,,Detroit Pistons,,,,,Little Caesars Arena,
"Sat, Feb 24, 2024",8:00p,Brooklyn Nets,,Minnesota Timberwolves,,,,,Target Center,
"Sat, Feb 24, 2024",8:30p,Boston Celtics,,New York Knicks,,,,,Madison Square Garden (IV),
"Sun, Feb 25, 2024",1:00p,Milwaukee Bucks,,Philadelphia 76ers,,,,,Wells Fargo Center,
"Sun, Feb 25, 2024",3:30p,Los Angeles Lakers,,Phoenix Suns,,,,,Footprint Center,
"Sun, Feb 25, 2024",5:00p,Dallas Mavericks,,Indiana Pacers,,,,,Gainbridge Fieldhouse,
"Sun, Feb 25, 2024",6:00p,Cleveland Cavaliers,,Washington Wizards,,,,,Capital One Arena,
"Sun, Feb 25, 2024",7:00p,Orlando Magic,,Atlanta Hawks,,,,,State Farm Arena,
"Sun, Feb 25, 2024",7:00p,Denver Nuggets,,Golden State Warriors,,,,,Chase Center,
"Sun, Feb 25, 2024",7:00p,Oklahoma City Thunder,,Houston Rockets,,,,,Toyota Center,
"Sun, Feb 25, 2024",7:00p,Chicago Bulls,,New Orleans Pelicans,,,,,Smoothie King Center,
"Sun, Feb 25, 2024",8:00p,San Antonio Spurs,,Utah Jazz,,,,,Delta Center,
"Sun, Feb 25, 2024",9:00p,Charlotte Hornets,,Portland Trail Blazers,,,,,Moda Center,
"Sun, Feb 25, 2024",9:30p,Sacramento Kings,,Los Angeles Clippers,,,,,Crypto.com Arena,
"Mon, Feb 26, 2024",7:00p,New York Knicks,,Detroit Pistons,,,,,Little Caesars Arena,
"Mon, Feb 26, 2024",7:00p,Toronto Raptors,,Indiana Pacers,,,,,Gainbridge Fieldhouse,
"Mon, Feb 26, 2024",8:00p,Brooklyn Nets,,Memphis Grizzlies,,,,,FedEx Forum,
"Mon, Feb 26, 2024",10:00p,Miami Heat,,Sacramento Kings,,,,,Golden 1 Center,
"Tue, Feb 27, 2024",7:00p,Dallas Mavericks,,Cleveland Cavaliers,,,,,Rocket Mortgage Fieldhouse,
"Tue, Feb 27, 2024",7:00p,Brooklyn Nets,,Orlando Magic,,,,,Amway Center,
"Tue, Feb 27, 2024",7:00p,Golden State Warriors,,Washington Wizards,,,,,Capital One Arena,
"Tue, Feb 27, 2024",7:30p,Utah Jazz,,Atlanta Hawks,,,,,State Farm Arena,
"Tue, Feb 27, 2024",7:30p,Philadelphia 76ers,,Boston Celtics,,,,,TD Garden,
"Tue, Feb 27, 2024",7:30p,San Antonio Spurs,,Minnesota Timberwolves,,,,,Target Center,
"Tue, Feb 27, 2024",7:30p,New Orleans Pelicans,,New York Knicks,,,,,Madison Square Garden (IV),
"Tue, Feb 27, 2024",8:00p,Detroit Pistons,,Chicago Bulls,,,,,United Center,
"Tue, Feb 27, 2024",8:00p,Charlotte Hornets,,Milwaukee Bucks,,,,,Fiserv Forum,
"Tue, Feb 27, 2024",8:00p,Houston Rockets,,Oklahoma City Thunder,,,,,Paycom Center,
"Tue, Feb 27, 2024",10:00p,Miami Heat,,Portland Trail Blazers,,,,,Moda Center,
"Wed, Feb 28, 2024",7:00p,New Orleans Pelicans,,Indiana Pacers,,,,,Gainbridge Fieldhouse,
"Wed, Feb 28, 2024",7:30p,Memphis Grizzlies,,Minnesota Timberwolves,,,,,Target Center,
"Wed, Feb 28, 2024",7:30p,Dallas Mavericks,,Toronto Raptors,,,,,Scotiabank Arena,
"Wed, Feb 28, 2024",8:00p,Cleveland Cavaliers,,Chicago Bulls,,,,,United Center,
"Wed, Feb 28, 2024",9:00p,Sacramento Kings,,Denver Nuggets,,,,,Ball Arena,
"Wed, Feb 28, 2024",10:00p,Los Angeles Lakers,,Los Angeles Clippers,,,,,Crypto.com Arena,
"Thu, Feb 29, 2024",7:00p,Milwaukee Bucks,,Charlotte Hornets,,,,,Spectrum Center,
"Thu, Feb 29, 2024",7:00p,Utah Jazz,,Orlando Magic,,,,,Amway Center,
"Thu, Feb 29, 2024",7:30p,Atlanta Hawks,,Brooklyn Nets,,,,,Barclays Center,
"Thu, Feb 29, 2024",7:30p,Golden State Warriors,,New York Knicks,,,,,Madison Square Garden (IV),
"Thu, Feb 29, 2024",8:30p,Oklahoma City Thunder,,San Antonio Spurs,,,,,AT&T Center,
"Thu, Feb 29, 2024",9:00p,Houston Rockets,,Phoenix Suns,,,,,Footprint Center,
"Thu, Feb 29, 2024",10:00p,Miami Heat,,Denver Nuggets,,,,,Ball Arena,
"Thu, Feb 29, 2024",10:30p,Washington Wizards,,Los Angeles Lakers,,,,,Crypto.com Arena,
"Fri, Mar 1, 2024",7:00p,Cleveland Cavaliers,,Detroit Pistons,,,,,Little Caesars Arena,
"Fri, Mar 1, 2024",7:00p,Charlotte Hornets,,Philadelphia 76ers,,,,,Wells Fargo Center,
"Fri, Mar 1, 2024",7:30p,Dallas Mavericks,,Boston Celtics,,,,,TD Garden,
"Fri, Mar 1, 2024",7:30p,Golden State Warriors,,Toronto Raptors,,,,,Scotiabank Arena,
"Fri, Mar 1, 2024",8:00p,Portland Trail Blazers,,Memphis Grizzlies,,,,,FedEx Forum,
"Fri, Mar 1, 2024",8:00p,Sacramento Kings,,Minnesota Timberwolves,,,,,Target Center,
"Fri, Mar 1, 2024",8:00p,Indiana Pacers,,New Orleans Pelicans,,,,,Smoothie King Center,
"Fri, Mar 1, 2024",10:00p,Milwaukee Bucks,,Chicago Bulls,,,,,United Center,
"Fri, Mar 1, 2024",10:30p,Washington Wizards,,Los Angeles Clippers,,,,,Crypto.com Arena,
"Sat, Mar 2, 2024",3:00p,Atlanta Hawks,,Brooklyn Nets,,,,,Barclays Center,
"Sat, Mar 2, 2024",5:00p,Utah Jazz,,Miami Heat,,,,,Kaseya Center,
"Sat, Mar 2, 2024",8:00p,Portland Trail Blazers,,Memphis Grizzlies,,,,,FedEx Forum,
"Sat, Mar 2, 2024",8:30p,Denver Nuggets,,Los Angeles Lakers,,,,,Crypto.com Arena,
"Sat, Mar 2, 2024",9:00p,Houston Rockets,,Phoenix Suns,,,,,Footprint Center,
"Sun, Mar 3, 2024",1:00p,Philadelphia 76ers,,Dallas Mavericks,,,,,American Airlines Center,
"Sun, Mar 3, 2024",3:30p,Golden State Warriors,,Boston Celtics,,,,,TD Garden,
"Sun, Mar 3, 2024",3:30p,Los Angeles Clippers,,Minnesota Timberwolves,,,,,Target Center,
"Sun, Mar 3, 2024",6:00p,Detroit Pistons,,Orlando Magic,,,,,Amway Center,
"Sun, Mar 3, 2024",6:00p,Charlotte Hornets,,Toronto Raptors,,,,,Scotiabank Arena,
"Sun, Mar 3, 2024",7:00p,New York Knicks,,Cleveland Cavaliers,,,,,Rocket Mortgage Fieldhouse,
"Sun, Mar 3, 2024",7:00p,Indiana Pacers,,San Antonio Spurs,,,,,AT&T Center,
"Sun, Mar 3, 2024",9:30p,Oklahoma City Thunder,,Phoenix Suns,,,,,Footprint Center,
"Mon, Mar 4, 2024",7:30p,Memphis Grizzlies,,Brooklyn Nets,,,,,Barclays Center,
"Mon, Mar 4, 2024",8:00p,Los Angeles Clippers,,Milwaukee Bucks,,,,,Fiserv Forum,
"Mon, Mar 4, 2024",8:00p,Portland Trail Blazers,,Minnesota Timberwolves,,,,,Target Center,
"Mon, Mar 4, 2024",9:00p,Washington Wizards,,Utah Jazz,,,,,Delta Center,
"Mon, Mar 4, 2024",10:00p,Chicago Bulls,,Sacramento Kings,,,,,Golden 1 Center,
"Mon, Mar 4, 2024",10:30p,Oklahoma City Thunder,,Los Angeles Lakers,,,,,Crypto.com Arena,
"Tue, Mar 5, 2024",7:00p,Orlando Magic,,Charlotte Hornets,,,,,Spectrum Center,
"Tue, Mar 5, 2024",7:00p,Boston Celtics,,Cleveland Cavaliers,,,,,Rocket Mortgage Fieldhouse,
"Tue, Mar 5, 2024",7:30p,Philadelphia 76ers,,Brooklyn Nets,,,,,Barclays Center,
"Tue, Mar 5, 2024",7:30p,Detroit Pistons,,Miami Heat,,,,,Kaseya Center,
"Tue, Mar 5, 2024",7:30p,Atlanta Hawks,,New York Knicks,,,,,Madison Square Garden (IV),
"Tue, Mar 5, 2024",7:30p,New Orleans Pelicans,,Toronto Raptors,,,,,Scotiabank Arena,
"Tue, Mar 5, 2024",8:00p,San Antonio Spurs,,Houston Rockets,,,,,Toyota Center,
"Tue, Mar 5, 2024",8:30p,Indiana Pacers,,Dallas Mavericks,,,,,American Airlines Center,
"Tue, Mar 5, 2024",10:00p,Phoenix Suns,,Denver Nuggets,,,,,Ball Arena,
"Wed, Mar 6, 2024",7:00p,Orlando Magic,,Washington Wizards,,,,,Capital One Arena,
"Wed, Mar 6, 2024",7:30p,Cleveland Cavaliers,,Atlanta Hawks,,,,,State Farm Arena,
"Wed, Mar 6, 2024",7:30p,Memphis Grizzlies,,Philadelphia 76ers,,,,,Wells Fargo Center,
"Wed, Mar 6, 2024",8:00p,Los Angeles Clippers,,Houston Rockets,,,,,Toyota Center,
"Wed, Mar 6, 2024",9:00p,Chicago Bulls,,Utah Jazz,,,,,Delta Center,
"Wed, Mar 6, 2024",10:00p,Milwaukee Bucks,,Golden State Warriors,,,,,Chase Center,
"Wed, Mar 6, 2024",10:00p,Oklahoma City Thunder,,Portland Trail Blazers,,,,,Moda Center,
"Wed, Mar 6, 2024",10:30p,Sacramento Kings,,Los Angeles Lakers,,,,,Crypto.com Arena,
"Thu, Mar 7, 2024",7:00p,Brooklyn Nets,,Detroit Pistons,,,,,Little Caesars Arena,
"Thu, Mar 7, 2024",7:00p,Minnesota Timberwolves,,Indiana Pacers,,,,,Gainbridge Fieldhouse,
"Thu, Mar 7, 2024",7:30p,Miami Heat,,Dallas Mavericks,,,,,American Airlines Center,
"Thu, Mar 7, 2024",9:00p,Toronto Raptors,,Phoenix Suns,,,,,Footprint Center,
"Thu, Mar 7, 2024",10:00p,Boston Celtics,,Denver Nuggets,,,,,Ball Arena,
"Thu, Mar 7, 2024",10:00p,Chicago Bulls,,Golden State Warriors,,,,,Chase Center,
"Thu, Mar 7, 2024",10:00p,San Antonio Spurs,,Sacramento Kings,,,,,Golden 1 Center,
"Fri, Mar 8, 2024",7:00p,New Orleans Pelicans,,Philadelphia 76ers,,,,,Wells Fargo Center,
"Fri, Mar 8, 2024",7:00p,Charlotte Hornets,,Washington Wizards,,,,,Capital One Arena,
"Fri, Mar 8, 2024",7:30p,Minnesota Timberwolves,,Cleveland Cavaliers,,,,,Rocket Mortgage Fieldhouse,
"Fri, Mar 8, 2024",7:30p,Atlanta Hawks,,Memphis Grizzlies,,,,,FedEx Forum,
"Fri, Mar 8, 2024",7:30p,Orlando Magic,,New York Knicks,,,,,Madison Square Garden (IV),
"Fri, Mar 8, 2024",8:00p,Miami Heat,,Oklahoma City Thunder,,,,,Paycom Center,
"Fri, Mar 8, 2024",10:00p,Milwaukee Bucks,,Los Angeles Lakers,,,,,Crypto.com Arena,
"Fri, Mar 8, 2024",10:00p,Houston Rockets,,Portland Trail Blazers,,,,,Moda Center,
"Sat, Mar 9, 2024",4:00p,Chicago Bulls,,Los Angeles Clippers,,,,,Crypto.com Arena,
"Sat, Mar 9, 2024",7:00p,Brooklyn Nets,,Charlotte Hornets,,,,,Spectrum Center,
"Sat, Mar 9, 2024",7:00p,Dallas Mavericks,,Detroit Pistons,,,,,Little Caesars Arena,
"Sat, Mar 9, 2024",8:30p,San Antonio Spurs,,Golden State Warriors,,,,,Chase Center,
"Sat, Mar 9, 2024",8:30p,Boston Celtics,,Phoenix Suns,,,,,Footprint Center,
"Sat, Mar 9, 2024",10:00p,Utah Jazz,,Denver Nuggets,,,,,Ball Arena,
"Sat, Mar 9, 2024",10:00p,Toronto Raptors,,Portland Trail Blazers,,,,,Moda Center,
"Sun, Mar 10, 2024",3:00p,Milwaukee Bucks,,Los Angeles Clippers,,,,,Crypto.com Arena,
"Sun, Mar 10, 2024",6:00p,New Orleans Pelicans,,Atlanta Hawks,,,,,State Farm Arena,
"Sun, Mar 10, 2024",6:00p,Washington Wizards,,Miami Heat,,,,,Kaseya Center,
"Sun, Mar 10, 2024",6:00p,Philadelphia 76ers,,New York Knicks,,,,,Madison Square Garden (IV),
"Sun, Mar 10, 2024",6:00p,Indiana Pacers,,Orlando Magic,,,,,Amway Center,
"Sun, Mar 10, 2024",6:00p,Houston Rockets,,Sacramento Kings,,,,,Golden 1 Center,
"Sun, Mar 10, 2024",7:00p,Brooklyn Nets,,Cleveland Cavaliers,,,,,Rocket Mortgage Fieldhouse,
"Sun, Mar 10, 2024",7:00p,Memphis Grizzlies,,Oklahoma City Thunder,,,,,Paycom Center,
"Sun, Mar 10, 2024",9:30p,Minnesota Timberwolves,,Los Angeles Lakers,,,,,Crypto.com Arena,
"Mon, Mar 11, 2024",7:00p,Charlotte Hornets,,Detroit Pistons,,,,,Little Caesars Arena,
"Mon, Mar 11, 2024",7:30p,Phoenix Suns,,Cleveland Cavaliers,,,,,Rocket Mortgage Fieldhouse,
"Mon, Mar 11, 2024",8:00p,Dallas Mavericks,,Chicago Bulls,,,,,United Center,
"Mon, Mar 11, 2024",8:00p,Golden State Warriors,,San Antonio Spurs,,,,,AT&T Center,
"Mon, Mar 11, 2024",9:00p,Toronto Raptors,,Denver Nuggets,,,,,Ball Arena,
"Mon, Mar 11, 2024",10:30p,Boston Celtics,,Portland Trail Blazers,,,,,Moda Center,
"Tue, Mar 12, 2024",7:30p,Philadelphia 76ers,,New York Knicks,,,,,Madison Square Garden (IV),
"Tue, Mar 12, 2024",8:00p,Washington Wizards,,Memphis Grizzlies,,,,,FedEx Forum,
"Tue, Mar 12, 2024",8:00p,Indiana Pacers,,Oklahoma City Thunder,,,,,Paycom Center,
"Tue, Mar 12, 2024",8:30p,Houston Rockets,,San Antonio Spurs,,,,,AT&T Center,
"Tue, Mar 12, 2024",9:00p,Boston Celtics,,Utah Jazz,,,,,Delta Center,
"Tue, Mar 12, 2024",10:00p,Minnesota Timberwolves,,Los Angeles Clippers,,,,,Crypto.com Arena,
"Tue, Mar 12, 2024",10:00p,Milwaukee Bucks,,Sacramento Kings,,,,,Golden 1 Center,
"Wed, Mar 13, 2024",7:00p,Toronto Raptors,,Detroit Pistons,,,,,Little Caesars Arena,
"Wed, Mar 13, 2024",7:00p,Brooklyn Nets,,Orlando Magic,,,,,Amway Center,
"Wed, Mar 13, 2024",7:30p,Chicago Bulls,,Indiana Pacers,,,,,Gainbridge Fieldhouse,
"Wed, Mar 13, 2024",7:30p,Denver Nuggets,,Miami Heat,,,,,Kaseya Center,
"Wed, Mar 13, 2024",8:00p,Charlotte Hornets,,Memphis Grizzlies,,,,,FedEx Forum,
"Wed, Mar 13, 2024",8:00p,Cleveland Cavaliers,,New Orleans Pelicans,,,,,Smoothie King Center,
"Wed, Mar 13, 2024",8:30p,Golden State Warriors,,Dallas Mavericks,,,,,American Airlines Center,
"Wed, Mar 13, 2024",10:00p,Atlanta Hawks,,Portland Trail Blazers,,,,,Moda Center,
"Wed, Mar 13, 2024",10:00p,Los Angeles Lakers,,Sacramento Kings,,,,,Golden 1 Center,
"Thu, Mar 14, 2024",7:30p,Phoenix Suns,,Boston Celtics,,,,,TD Garden,
"Thu, Mar 14, 2024",8:00p,Los Angeles Clippers,,Chicago Bulls,,,,,United Center,
"Thu, Mar 14, 2024",8:00p,Washington Wizards,,Houston Rockets,,,,,Toyota Center,
"Thu, Mar 14, 2024",8:00p,Philadelphia 76ers,,Milwaukee Bucks,,,,,Fiserv Forum,
"Thu, Mar 14, 2024",10:00p,Dallas Mavericks,,Oklahoma City Thunder,,,,,Paycom Center,
"Thu, Mar 14, 2024",10:00p,New York Knicks,,Portland Trail Blazers,,,,,Moda Center,
"Fri, Mar 15, 2024",7:00p,Phoenix Suns,,Charlotte Hornets,,,,,Spectrum Center,
"Fri, Mar 15, 2024",7:00p,Miami Heat,,Detroit Pistons,,,,,Little Caesars Arena,
"Fri, Mar 15, 2024",7:30p,Orlando Magic,,Toronto Raptors,,,,,Scotiabank Arena,
"Fri, Mar 15, 2024",8:00p,Los Angeles Clippers,,New Orleans Pelicans,,,,,Smoothie King Center,
"Fri, Mar 15, 2024",8:30p,Denver Nuggets,,San Antonio Spurs,,,,,AT&T Center,
"Fri, Mar 15, 2024",9:30p,Atlanta Hawks,,Utah Jazz,,,,,Delta Center,
"Sat, Mar 16, 2024",5:00p,Cleveland Cavaliers,,Houston Rockets,,,,,Toyota Center,
"Sat, Mar 16, 2024",7:00p,Brooklyn Nets,,Indiana Pacers,,,,,Gainbridge Fieldhouse,
"Sat, Mar 16, 2024",7:00p,Portland Trail Blazers,,New Orleans Pelicans,,,,,Smoothie King Center,
"Sat, Mar 16, 2024",7:00p,Charlotte Hornets,,Philadelphia 76ers,,,,,Wells Fargo Center,
"Sat, Mar 16, 2024",8:00p,Washington Wizards,,Chicago Bulls,,,,,United Center,
"Sat, Mar 16, 2024",8:00p,Oklahoma City Thunder,,Memphis Grizzlies,,,,,FedEx Forum,
"Sat, Mar 16, 2024",8:30p,Golden State Warriors,,Los Angeles Lakers,,,,,Crypto.com Arena,
"Sat, Mar 16, 2024",9:30p,Minnesota Timberwolves,,Utah Jazz,,,,,Delta Center,
"Sat, Mar 16, 2024",10:00p,New York Knicks,,Sacramento Kings,,,,,Golden 1 Center,
"Sun, Mar 17, 2024",1:00p,Phoenix Suns,,Milwaukee Bucks,,,,,Fiserv Forum,
"Sun, Mar 17, 2024",3:00p,Miami Heat,,Detroit Pistons,,,,,Little Caesars Arena,
"Sun, Mar 17, 2024",3:30p,Denver Nuggets,,Dallas Mavericks,,,,,American Airlines Center,
"Sun, Mar 17, 2024",6:00p,Toronto Raptors,,Orlando Magic,,,,,Amway Center,
"Sun, Mar 17, 2024",6:00p,Boston Celtics,,Washington Wizards,,,,,Capital One Arena,
"Sun, Mar 17, 2024",7:00p,Brooklyn Nets,,San Antonio Spurs,,,,,AT&T Center,
"Sun, Mar 17, 2024",9:30p,Atlanta Hawks,,Los Angeles Clippers,,,,,Crypto.com Arena,
"Mon, Mar 18, 2024",7:00p,Cleveland Cavaliers,,Indiana Pacers,,,,,Gainbridge Fieldhouse,
"Mon, Mar 18, 2024",7:30p,Detroit Pistons,,Boston Celtics,,,,,TD Garden,
"Mon, Mar 18, 2024",7:30p,Miami Heat,,Philadelphia 76ers,,,,,Wells Fargo Center,
"Mon, Mar 18, 2024",8:00p,Portland Trail Blazers,,Chicago Bulls,,,,,United Center,
"Mon, Mar 18, 2024",9:00p,Minnesota Timberwolves,,Utah Jazz,,,,,Delta Center,
"Mon, Mar 18, 2024",10:00p,New York Knicks,,Golden State Warriors,,,,,Chase Center,
"Mon, Mar 18, 2024",10:00p,Memphis Grizzlies,,Sacramento Kings,,,,,Golden 1 Center,
"Mon, Mar 18, 2024",10:30p,Atlanta Hawks,,Los Angeles Lakers,,,,,Crypto.com Arena,
"Tue, Mar 19, 2024",7:00p,Charlotte Hornets,,Orlando Magic,,,,,Amway Center,
"Tue, Mar 19, 2024",7:00p,Houston Rockets,,Washington Wizards,,,,,Capital One Arena,
"Tue, Mar 19, 2024",7:30p,New Orleans Pelicans,,Brooklyn Nets,,,,,Barclays Center,
"Tue, Mar 19, 2024",8:00p,Dallas Mavericks,,San Antonio Spurs,,,,,AT&T Center,
"Tue, Mar 19, 2024",9:00p,Denver Nuggets,,Minnesota Timberwolves,,,,,Target Center,
"Wed, Mar 20, 2024",7:00p,Miami Heat,,Cleveland Cavaliers,,,,,Rocket Mortgage Fieldhouse,
"Wed, Mar 20, 2024",7:00p,Indiana Pacers,,Detroit Pistons,,,,,Little Caesars Arena,
"Wed, Mar 20, 2024",7:30p,Milwaukee Bucks,,Boston Celtics,,,,,TD Garden,
"Wed, Mar 20, 2024",7:30p,Sacramento Kings,,Toronto Raptors,,,,,Scotiabank Arena,
"Wed, Mar 20, 2024",8:00p,Utah Jazz,,Oklahoma City Thunder,,,,,Paycom Center,
"Wed, Mar 20, 2024",10:00p,Memphis Grizzlies,,Golden State Warriors,,,,,Chase Center,
"Wed, Mar 20, 2024",10:00p,Philadelphia 76ers,,Phoenix Suns,,,,,Footprint Center,
"Wed, Mar 20, 2024",10:00p,Los Angeles Clippers,,Portland Trail Blazers,,,,,Moda Center,
"Thu, Mar 21, 2024",7:00p,New Orleans Pelicans,,Orlando Magic,,,,,Amway Center,
"Thu, Mar 21, 2024",7:00p,Sacramento Kings,,Washington Wizards,,,,,Capital One Arena,
"Thu, Mar 21, 2024",8:00p,Chicago Bulls,,Houston Rockets,,,,,Toyota Center,
"Thu, Mar 21, 2024",8:00p,Brooklyn Nets,,Milwaukee Bucks,,,,,Fiserv Forum,
"Thu, Mar 21, 2024",8:30p,Utah Jazz,,Dallas Mavericks,,,,,American Airlines Center,
"Thu, Mar 21, 2024",9:00p,New York Knicks,,Denver Nuggets,,,,,Ball Arena,
"Thu, Mar 21, 2024",10:30p,Atlanta Hawks,,Phoenix Suns,,,,,Footprint Center,
"Fri, Mar 22, 2024",7:00p,Boston Celtics,,Detroit Pistons,,,,,Little Caesars Arena,
"Fri, Mar 22, 2024",7:00p,Oklahoma City Thunder,,Toronto Raptors,,,,,Scotiabank Arena,
"Fri, Mar 22, 2024",8:00p,New Orleans Pelicans,,Miami Heat,,,,,Kaseya Center,
"Fri, Mar 22, 2024",8:00p,Cleveland Cavaliers,,Minnesota Timberwolves,,,,,Target Center,
"Fri, Mar 22, 2024",8:00p,Memphis Grizzlies,,San Antonio Spurs,,,,,AT&T Center,
"Fri, Mar 22, 2024",10:00p,Indiana Pacers,,Golden State Warriors,,,,,Chase Center,
"Fri, Mar 22, 2024",10:00p,Los Angeles Clippers,,Portland Trail Blazers,,,,,Moda Center,
"Fri, Mar 22, 2024",10:30p,Philadelphia 76ers,,Los Angeles Lakers,,,,,Crypto.com Arena,
"Sat, Mar 23, 2024",1:00p,Brooklyn Nets,,New York Knicks,,,,,Madison Square Garden (IV),
"Sat, Mar 23, 2024",7:00p,Sacramento Kings,,Orlando Magic,,,,,Amway Center,
"Sat, Mar 23, 2024",7:30p,Charlotte Hornets,,Atlanta Hawks,,,,,State Farm Arena,
"Sat, Mar 23, 2024",8:00p,Boston Celtics,,Chicago Bulls,,,,,United Center,
"Sat, Mar 23, 2024",8:00p,Utah Jazz,,Houston Rockets,,,,,Toyota Center,
"Sat, Mar 23, 2024",8:00p,Phoenix Suns,,San Antonio Spurs,,,,,AT&T Center,
"Sat, Mar 23, 2024",8:00p,Toronto Raptors,,Washington Wizards,,,,,Capital One Arena,
"Sat, Mar 23, 2024",10:00p,Denver Nuggets,,Portland Trail Blazers,,,,,Moda Center,
"Sun, Mar 24, 2024",3:00p,New Orleans Pelicans,,Detroit Pistons,,,,,Little Caesars Arena,
"Sun, Mar 24, 2024",3:30p,Philadelphia 76ers,,Los Angeles Clippers,,,,,Crypto.com Arena,
"Sun, Mar 24, 2024",6:00p,Cleveland Cavaliers,,Miami Heat,,,,,Kaseya Center,
"Sun, Mar 24, 2024",7:00p,Oklahoma City Thunder,,Milwaukee Bucks,,,,,Fiserv Forum,
"Sun, Mar 24, 2024",7:00p,Golden State Warriors,,Minnesota Timberwolves,,,,,Target Center,
"Sun, Mar 24, 2024",10:00p,Indiana Pacers,,Los Angeles Lakers,,,,,Crypto.com Arena,
"Mon, Mar 25, 2024",7:00p,Charlotte Hornets,,Cleveland Cavaliers,,,,,Rocket Mortgage Fieldhouse,
"Mon, Mar 25, 2024",7:30p,Boston Celtics,,Atlanta Hawks,,,,,State Farm Arena,
"Mon, Mar 25, 2024",7:30p,Detroit Pistons,,New York Knicks,,,,,Madison Square Garden (IV),
"Mon, Mar 25, 2024",7:30p,Brooklyn Nets,,Toronto Raptors,,,,,Scotiabank Arena,
"Mon, Mar 25, 2024",8:00p,Washington Wizards,,Chicago Bulls,,,,,United Center,
"Mon, Mar 25, 2024",8:00p,Portland Trail Blazers,,Houston Rockets,,,,,Toyota Center,
"Mon, Mar 25, 2024",8:00p,Phoenix Suns,,San Antonio Spurs,,,,,AT&T Center,
"Mon, Mar 25, 2024",9:00p,Memphis Grizzlies,,Denver Nuggets,,,,,Ball Arena,
"Mon, Mar 25, 2024",9:00p,Dallas Mavericks,,Utah Jazz,,,,,Delta Center,
"Mon, Mar 25, 2024",10:00p,Philadelphia 76ers,,Sacramento Kings,,,,,Golden 1 Center,
"Mon, Mar 25, 2024",10:30p,Indiana Pacers,,Los Angeles Clippers,,,,,Crypto.com Arena,
"Tue, Mar 26, 2024",7:30p,Golden State Warriors,,Miami Heat,,,,,Kaseya Center,
"Tue, Mar 26, 2024",7:30p,Los Angeles Lakers,,Milwaukee Bucks,,,,,Fiserv Forum,
"Tue, Mar 26, 2024",8:00p,Oklahoma City Thunder,,New Orleans Pelicans,,,,,Smoothie King Center,
"Tue, Mar 26, 2024",10:00p,Dallas Mavericks,,Sacramento Kings,,,,,Golden 1 Center,
"Wed, Mar 27, 2024",7:00p,Cleveland Cavaliers,,Charlotte Hornets,,,,,Spectrum Center,
"Wed, Mar 27, 2024",7:00p,Golden State Warriors,,Orlando Magic,,,,,Amway Center,
"Wed, Mar 27, 2024",7:00p,Brooklyn Nets,,Washington Wizards,,,,,Capital One Arena,
"Wed, Mar 27, 2024",7:30p,Portland Trail Blazers,,Atlanta Hawks,,,,,State Farm Arena,
"Wed, Mar 27, 2024",7:30p,Los Angeles Clippers,,Philadelphia 76ers,,,,,Wells Fargo Center,
"Wed, Mar 27, 2024",7:30p,New York Knicks,,Toronto Raptors,,,,,Scotiabank Arena,
"Wed, Mar 27, 2024",8:00p,Indiana Pacers,,Chicago Bulls,,,,,United Center,
"Wed, Mar 27, 2024",8:00p,Los Angeles Lakers,,Memphis Grizzlies,,,,,FedEx Forum,
"Wed, Mar 27, 2024",8:00p,Detroit Pistons,,Minnesota Timberwolves,,,,,Target Center,
"Wed, Mar 27, 2024",8:00p,Houston Rockets,,Oklahoma City Thunder,,,,,Paycom Center,
"Wed, Mar 27, 2024",9:00p,San Antonio Spurs,,Utah Jazz,,,,,Delta Center,
"Wed, Mar 27, 2024",10:00p,Phoenix Suns,,Denver Nuggets,,,,,Ball Arena,
"Thu, Mar 28, 2024",7:30p,Boston Celtics,,Atlanta Hawks,,,,,State Farm Arena,
"Thu, Mar 28, 2024",8:00p,Milwaukee Bucks,,New Orleans Pelicans,,,,,Smoothie King Center,
"Fri, Mar 29, 2024",7:00p,Golden State Warriors,,Charlotte Hornets,,,,,Spectrum Center,
"Fri, Mar 29, 2024",7:00p,Los Angeles Lakers,,Indiana Pacers,,,,,Gainbridge Fieldhouse,
"Fri, Mar 29, 2024",7:00p,Los Angeles Clippers,,Orlando Magic,,,,,Amway Center,
"Fri, Mar 29, 2024",7:00p,Detroit Pistons,,Washington Wizards,,,,,Capital One Arena,
"Fri, Mar 29, 2024",7:30p,Chicago Bulls,,Brooklyn Nets,,,,,Barclays Center,
"Fri, Mar 29, 2024",7:30p,Philadelphia 76ers,,Cleveland Cavaliers,,,,,Rocket Mortgage Fieldhouse,
"Fri, Mar 29, 2024",8:00p,Portland Trail Blazers,,Miami Heat,,,,,Kaseya Center,
"Fri, Mar 29, 2024",8:00p,Phoenix Suns,,Oklahoma City Thunder,,,,,Paycom Center,
"Fri, Mar 29, 2024",8:00p,New York Knicks,,San Antonio Spurs,,,,,AT&T Center,
"Fri, Mar 29, 2024",9:00p,Minnesota Timberwolves,,Denver Nuggets,,,,,Ball Arena,
"Fri, Mar 29, 2024",9:30p,Houston Rockets,,Utah Jazz,,,,,Delta Center,
"Fri, Mar 29, 2024",10:00p,Dallas Mavericks,,Sacramento Kings,,,,,Golden 1 Center,
"Sat, Mar 30, 2024",5:00p,Boston Celtics,,New Orleans Pelicans,,,,,Smoothie King Center,
"Sat, Mar 30, 2024",7:00p,Memphis Grizzlies,,Orlando Magic,,,,,Amway Center,
"Sat, Mar 30, 2024",7:30p,Milwaukee Bucks,,Atlanta Hawks,,,,,State Farm Arena,
"Sun, Mar 31, 2024",3:30p,Cleveland Cavaliers,,Denver Nuggets,,,,,Ball Arena,
"Sun, Mar 31, 2024",6:00p,Los Angeles Lakers,,Brooklyn Nets,,,,,Barclays Center,
"Sun, Mar 31, 2024",6:00p,Los Angeles Clippers,,Charlotte Hornets,,,,,Spectrum Center,
"Sun, Mar 31, 2024",6:00p,Philadelphia 76ers,,Toronto Raptors,,,,,Scotiabank Arena,
"Sun, Mar 31, 2024",6:00p,Miami Heat,,Washington Wizards,,,,,Capital One Arena,
"Sun, Mar 31, 2024",7:00p,Dallas Mavericks,,Houston Rockets,,,,,Toyota Center,
"Sun, Mar 31, 2024",7:00p,Chicago Bulls,,Minnesota Timberwolves,,,,,Target Center,
"Sun, Mar 31, 2024",7:00p,Oklahoma City Thunder,,New York Knicks,,,,,Madison Square Garden (IV),
"Sun, Mar 31, 2024",7:00p,Golden State Warriors,,San Antonio Spurs,,,,,AT&T Center,
"Sun, Mar 31, 2024",9:00p,Utah Jazz,,Sacramento Kings,,,,,Golden 1 Center,
"Mon, Apr 1, 2024",7:00p,Boston Celtics,,Charlotte Hornets,,,,,Spectrum Center,
"Mon, Apr 1, 2024",7:00p,Memphis Grizzlies,,Detroit Pistons,,,,,Little Caesars Arena,
"Mon, Apr 1, 2024",7:00p,Brooklyn Nets,,Indiana Pacers,,,,,Gainbridge Fieldhouse,
"Mon, Apr 1, 2024",7:00p,Portland Trail Blazers,,Orlando Magic,,,,,Amway Center,
"Mon, Apr 1, 2024",8:00p,Atlanta Hawks,,Chicago Bulls,,,,,United Center,
"Mon, Apr 1, 2024",8:00p,Phoenix Suns,,New Orleans Pelicans,,,,,Smoothie King Center,
"Tue, Apr 2, 2024",7:00p,Oklahoma City Thunder,,Philadelphia 76ers,,,,,Wells Fargo Center,
"Tue, Apr 2, 2024",7:00p,Los Angeles Lakers,,Toronto Raptors,,,,,Scotiabank Arena,
"Tue, Apr 2, 2024",7:00p,Milwaukee Bucks,,Washington Wizards,,,,,Capital One Arena,
"Tue, Apr 2, 2024",7:30p,Golden State Warriors,,Dallas Mavericks,,,,,American Airlines Center,
"Tue, Apr 2, 2024",7:30p,New York Knicks,,Miami Heat,,,,,Kaseya Center,
"Tue, Apr 2, 2024",8:00p,Houston Rockets,,Minnesota Timberwolves,,,,,Target Center,
"Tue, Apr 2, 2024",9:00p,San Antonio Spurs,,Denver Nuggets,,,,,Ball Arena,
"Tue, Apr 2, 2024",9:00p,Cleveland Cavaliers,,Utah Jazz,,,,,Delta Center,
"Tue, Apr 2, 2024",10:00p,Los Angeles Clippers,,Sacramento Kings,,,,,Golden 1 Center,
"Wed, Apr 3, 2024",7:00p,Portland Trail Blazers,,Charlotte Hornets,,,,,Spectrum Center,
"Wed, Apr 3, 2024",7:00p,Los Angeles Lakers,,Washington Wizards,,,,,Capital One Arena,
"Wed, Apr 3, 2024",7:30p,Detroit Pistons,,Atlanta Hawks,,,,,State Farm Arena,
"Wed, Apr 3, 2024",7:30p,Oklahoma City Thunder,,Boston Celtics,,,,,TD Garden,
"Wed, Apr 3, 2024",7:30p,Indiana Pacers,,Brooklyn Nets,,,,,Barclays Center,
"Wed, Apr 3, 2024",7:30p,Memphis Grizzlies,,Milwaukee Bucks,,,,,Fiserv Forum,
"Wed, Apr 3, 2024",8:00p,Toronto Raptors,,Minnesota Timberwolves,,,,,Target Center,
"Wed, Apr 3, 2024",8:00p,Orlando Magic,,New Orleans Pelicans,,,,,Smoothie King Center,
"Wed, Apr 3, 2024",10:00p,Cleveland Cavaliers,,Phoenix Suns,,,,,Footprint Center,
"Thu, Apr 4, 2024",7:30p,Philadelphia 76ers,,Miami Heat,,,,,Kaseya Center,
"Thu, Apr 4, 2024",7:30p,Sacramento Kings,,New York Knicks,,,,,Madison Square Garden (IV),
"Thu, Apr 4, 2024",8:00p,Golden State Warriors,,Houston Rockets,,,,,Toyota Center,
"Thu, Apr 4, 2024",10:00p,Denver Nuggets,,Los Angeles Clippers,,,,,Crypto.com Arena,
"Fri, Apr 5, 2024",7:00p,Orlando Magic,,Charlotte Hornets,,,,,Spectrum Center,
"Fri, Apr 5, 2024",7:00p,Oklahoma City Thunder,,Indiana Pacers,,,,,Gainbridge Fieldhouse,
"Fri, Apr 5, 2024",7:00p,Portland Trail Blazers,,Washington Wizards,,,,,Capital One Arena,
"Fri, Apr 5, 2024",7:30p,Sacramento Kings,,Boston Celtics,,,,,TD Garden,
"Fri, Apr 5, 2024",8:00p,New York Knicks,,Chicago Bulls,,,,,United Center,
"Fri, Apr 5, 2024",8:00p,Miami Heat,,Houston Rockets,,,,,Toyota Center,
"Fri, Apr 5, 2024",8:00p,Detroit Pistons,,Memphis Grizzlies,,,,,FedEx Forum,
"Fri, Apr 5, 2024",8:00p,Toronto Raptors,,Milwaukee Bucks,,,,,Fiserv Forum,
"Fri, Apr 5, 2024",8:00p,San Antonio Spurs,,New Orleans Pelicans,,,,,Smoothie King Center,
"Fri, Apr 5, 2024",8:30p,Atlanta Hawks,,Dallas Mavericks,,,,,American Airlines Center,
"Fri, Apr 5, 2024",10:00p,Minnesota Timberwolves,,Phoenix Suns,,,,,Footprint Center,
"Fri, Apr 5, 2024",10:30p,Utah Jazz,,Los Angeles Clippers,,,,,Crypto.com Arena,
"Sat, Apr 6, 2024",3:30p,Cleveland Cavaliers,,Los Angeles Lakers,,,,,Crypto.com Arena,
"Sat, Apr 6, 2024",7:00p,Detroit Pistons,,Brooklyn Nets,,,,,Barclays Center,
"Sat, Apr 6, 2024",8:00p,Philadelphia 76ers,,Memphis Grizzlies,,,,,FedEx Forum,
"Sat, Apr 6, 2024",9:00p,Atlanta Hawks,,Denver Nuggets,,,,,Ball Arena,
"Sun, Apr 7, 2024",3:30p,Houston Rockets,,Dallas Mavericks,,,,,American Airlines Center,
"Sun, Apr 7, 2024",3:30p,Cleveland Cavaliers,,Los Angeles Clippers,,,,,Crypto.com Arena,
"Sun, Apr 7, 2024",5:00p,Miami Heat,,Indiana Pacers,,,,,Gainbridge Fieldhouse,
"Sun, Apr 7, 2024",6:00p,Portland Trail Blazers,,Boston Celtics,,,,,TD Garden,
"Sun, Apr 7, 2024",6:00p,Oklahoma City Thunder,,Charlotte Hornets,,,,,Spectrum Center,
"Sun, Apr 7, 2024",6:00p,Chicago Bulls,,Orlando Magic,,,,,Amway Center,
"Sun, Apr 7, 2024",6:00p,New Orleans Pelicans,,Phoenix Suns,,,,,Footprint Center,
"Sun, Apr 7, 2024",6:00p,Washington Wizards,,Toronto Raptors,,,,,Scotiabank Arena,
"Sun, Apr 7, 2024",7:00p,New York Knicks,,Milwaukee Bucks,,,,,Fiserv Forum,
"Sun, Apr 7, 2024",7:00p,Philadelphia 76ers,,San Antonio Spurs,,,,,AT&T Center,
"Sun, Apr 7, 2024",7:30p,Sacramento Kings,,Brooklyn Nets,,,,,Barclays Center,
"Sun, Apr 7, 2024",8:30p,Utah Jazz,,Golden State Warriors,,,,,Chase Center,
"Sun, Apr 7, 2024",10:00p,Minnesota Timberwolves,,Los Angeles Lakers,,,,,Crypto.com Arena,
"Tue, Apr 9, 2024",7:00p,Dallas Mavericks,,Charlotte Hornets,,,,,Spectrum Center,
"Tue, Apr 9, 2024",7:00p,Detroit Pistons,,Philadelphia 76ers,,,,,Wells Fargo Center,
"Tue, Apr 9, 2024",7:00p,Indiana Pacers,,Toronto Raptors,,,,,Scotiabank Arena,
"Tue, Apr 9, 2024",7:30p,Miami Heat,,Atlanta Hawks,,,,,State Farm Arena,
"Tue, Apr 9, 2024",7:30p,Boston Celtics,,Milwaukee Bucks,,,,,Fiserv Forum,
"Tue, Apr 9, 2024",8:00p,New York Knicks,,Chicago Bulls,,,,,United Center,
"Tue, Apr 9, 2024",8:00p,Orlando Magic,,Houston Rockets,,,,,Toyota Center,
"Tue, Apr 9, 2024",8:00p,San Antonio Spurs,,Memphis Grizzlies,,,,,FedEx Forum,
"Tue, Apr 9, 2024",8:00p,Washington Wizards,,Minnesota Timberwolves,,,,,Target Center,
"Tue, Apr 9, 2024",8:00p,Sacramento Kings,,Oklahoma City Thunder,,,,,Paycom Center,
"Tue, Apr 9, 2024",9:00p,Denver Nuggets,,Utah Jazz,,,,,Delta Center,
"Tue, Apr 9, 2024",10:00p,Golden State Warriors,,Los Angeles Lakers,,,,,Crypto.com Arena,
"Tue, Apr 9, 2024",10:00p,Los Angeles Clippers,,Phoenix Suns,,,,,Footprint Center,
"Tue, Apr 9, 2024",10:00p,New Orleans Pelicans,,Portland Trail Blazers,,,,,Moda Center,
"Wed, Apr 10, 2024",7:00p,Memphis Grizzlies,,Cleveland Cavaliers,,,,,Rocket Mortgage Fieldhouse,
"Wed, Apr 10, 2024",7:30p,Charlotte Hornets,,Atlanta Hawks,,,,,State Farm Arena,
"Wed, Apr 10, 2024",7:30p,Toronto Raptors,,Brooklyn Nets,,,,,Barclays Center,
"Wed, Apr 10, 2024",7:30p,Dallas Mavericks,,Miami Heat,,,,,Kaseya Center,
"Wed, Apr 10, 2024",8:00p,Orlando Magic,,Milwaukee Bucks,,,,,Fiserv Forum,
"Wed, Apr 10, 2024",8:00p,San Antonio Spurs,,Oklahoma City Thunder,,,,,Paycom Center,
"Wed, Apr 10, 2024",10:00p,Minnesota Timberwolves,,Denver Nuggets,,,,,Ball Arena,
"Wed, Apr 10, 2024",10:30p,Phoenix Suns,,Los Angeles Clippers,,,,,Crypto.com Arena,
"Thu, Apr 11, 2024",7:00p,Chicago Bulls,,Detroit Pistons,,,,,Little Caesars Arena,
"Thu, Apr 11, 2024",7:30p,New York Knicks,,Boston Celtics,,,,,TD Garden,
"Thu, Apr 11, 2024",9:00p,Houston Rockets,,Utah Jazz,,,,,Delta Center,
"Thu, Apr 11, 2024",10:00p,Golden State Warriors,,Portland Trail Blazers,,,,,Moda Center,
"Thu, Apr 11, 2024",10:00p,New Orleans Pelicans,,Sacramento Kings,,,,,Golden 1 Center,
"Fri, Apr 12, 2024",7:00p,Orlando Magic,,Philadelphia 76ers,,,,,Wells Fargo Center,
"Fri, Apr 12, 2024",7:00p,Chicago Bulls,,Washington Wizards,,,,,Capital One Arena,
"Fri, Apr 12, 2024",7:30p,Charlotte Hornets,,Boston Celtics,,,,,TD Garden,
"Fri, Apr 12, 2024",7:30p,Indiana Pacers,,Cleveland Cavaliers,,,,,Rocket Mortgage Fieldhouse,
"Fri, Apr 12, 2024",7:30p,Brooklyn Nets,,New York Knicks,,,,,Madison Square Garden (IV),
"Fri, Apr 12, 2024",8:00p,Los Angeles Lakers,,Memphis Grizzlies,,,,,FedEx Forum,
"Fri, Apr 12, 2024",8:00p,Toronto Raptors,,Miami Heat,,,,,Kaseya Center,
"Fri, Apr 12, 2024",8:00p,Atlanta Hawks,,Minnesota Timberwolves,,,,,Target Center,
"Fri, Apr 12, 2024",8:00p,Milwaukee Bucks,,Oklahoma City Thunder,,,,,Paycom Center,
"Fri, Apr 12, 2024",8:00p,Denver Nuggets,,San Antonio Spurs,,,,,AT&T Center,
"Fri, Apr 12, 2024",8:30p,Detroit Pistons,,Dallas Mavericks,,,,,American Airlines Center,
"Fri, Apr 12, 2024",10:00p,New Orleans Pelicans,,Golden State Warriors,,,,,Chase Center,
"Fri, Apr 12, 2024",10:00p,Houston Rockets,,Portland Trail Blazers,,,,,Moda Center,
"Fri, Apr 12, 2024",10:30p,Utah Jazz,,Los Angeles Clippers,,,,,Crypto.com Arena,
"Fri, Apr 12, 2024",10:30p,Phoenix Suns,,Sacramento Kings,,,,,Golden 1 Center,
"Sun, Apr 14, 2024",1:00p,Washington Wizards,,Boston Celtics,,,,,TD Garden,
"Sun, Apr 14, 2024",1:00p,Charlotte Hornets,,Cleveland Cavaliers,,,,,Rocket Mortgage Fieldhouse,
"Sun, Apr 14, 2024",1:00p,Atlanta Hawks,,Indiana Pacers,,,,,Gainbridge Fieldhouse,
"Sun, Apr 14, 2024",1:00p,Toronto Raptors,,Miami Heat,,,,,Kaseya Center,
"Sun, Apr 14, 2024",1:00p,Chicago Bulls,,New York Knicks,,,,,Madison Square Garden (IV),
"Sun, Apr 14, 2024",1:00p,Milwaukee Bucks,,Orlando Magic,,,,,Amway Center,
"Sun, Apr 14, 2024",1:00p,Brooklyn Nets,,Philadelphia 76ers,,,,,Wells Fargo Center,
"Sun, Apr 14, 2024",3:30p,Utah Jazz,,Golden State Warriors,,,,,Chase Center,
"Sun, Apr 14, 2024",3:30p,Houston Rockets,,Los Angeles Clippers,,,,,Crypto.com Arena,
"Sun, Apr 14, 2024",3:30p,Denver Nuggets,,Memphis Grizzlies,,,,,FedEx Forum,
"Sun, Apr 14, 2024",3:30p,Phoenix Suns,,Minnesota Timberwolves,,,,,Target Center,
"Sun, Apr 14, 2024",3:30p,Los Angeles Lakers,,New Orleans Pelicans,,,,,Smoothie King Center,
"Sun, Apr 14, 2024",3:30p,Dallas Mavericks,,Oklahoma City Thunder,,,,,Paycom Center,
"Sun, Apr 14, 2024",3:30p,Portland Trail Blazers,,Sacramento Kings,,,,,Golden 1 Center,
"Sun, Apr 14, 2024",3:30p,Detroit Pistons,,San Antonio Spurs,,,,,AT&T Center,
