Date,Start (ET),Visitor/Neutral,PTS,Home/Neutral,PTS,,,Attend.,LOG,Arena,Notes
Tue Oct 21 2025,7:30p,Houston Rockets,,Oklahoma City Thunder,,,,,,Paycom Center,
Tue Oct 21 2025,10:00p,Golden State Warriors,,Los Angeles Lakers,,,,,,Crypto.com Arena,
Wed Oct 22 2025,7:00p,Brooklyn Nets,,Charlotte Hornets,,,,,,Spectrum Center,
Wed Oct 22 2025,7:00p,Cleveland Cavaliers,,New York Knicks,,,,,,Madison Square Garden (IV),
Wed Oct 22 2025,7:00p,Miami Heat,,Orlando Magic,,,,,,Kia Center,
Wed Oct 22 2025,7:30p,Philadelphia 76ers,,Boston Celtics,,,,,,TD Garden,
Wed Oct 22 2025,7:30p,Toronto Raptors,,Atlanta Hawks,,,,,,State Farm Arena,
Wed Oct 22 2025,8:00p,Detroit Pistons,,Chicago Bulls,,,,,,United Center,
Wed Oct 22 2025,8:00p,New Orleans Pelicans,,Memphis Grizzlies,,,,,,FedExForum,
Wed Oct 22 2025,8:00p,Washington Wizards,,Milwaukee Bucks,,,,,,Fiserv Forum,
Wed Oct 22 2025,9:00p,Los Angeles Clippers,,Utah Jazz,,,,,,Delta Center,
Wed Oct 22 2025,9:30p,San Antonio Spurs,,Dallas Mavericks,,,,,,American Airlines Center,
Wed Oct 22 2025,10:00p,Minnesota Timberwolves,,Portland Trail Blazers,,,,,,Moda Center,
Wed Oct 22 2025,10:00p,Sacramento Kings,,Phoenix Suns,,,,,,PHX Arena,
Thu Oct 23 2025,7:30p,Oklahoma City Thunder,,Indiana Pacers,,,,,,Gainbridge Fieldhouse,
Thu Oct 23 2025,10:00p,Denver Nuggets,,Golden State Warriors,,,,,,Chase Center,
Fri Oct 24 2025,7:00p,Atlanta Hawks,,Orlando Magic,,,,,,Kia Center,
Fri Oct 24 2025,7:30p,Cleveland Cavaliers,,Brooklyn Nets,,,,,,Barclays Center,
Fri Oct 24 2025,7:30p,Milwaukee Bucks,,Toronto Raptors,,,,,,Scotiabank Arena,
Fri Oct 24 2025,7:30p,Boston Celtics,,New York Knicks,,,,,,Madison Square Garden (IV),
Fri Oct 24 2025,8:00p,Detroit Pistons,,Houston Rockets,,,,,,Toyota Center,
Fri Oct 24 2025,8:00p,San Antonio Spurs,,New Orleans Pelicans,,,,,,Smoothie King Center,
Fri Oct 24 2025,8:00p,Miami Heat,,Memphis Grizzlies,,,,,,FedExForum,
Fri Oct 24 2025,8:30p,Washington Wizards,,Dallas Mavericks,,,,,,American Airlines Center,
Fri Oct 24 2025,10:00p,Minnesota Timberwolves,,Los Angeles Lakers,,,,,,Crypto.com Arena,
Fri Oct 24 2025,10:00p,Golden State Warriors,,Portland Trail Blazers,,,,,,Moda Center,
Fri Oct 24 2025,10:00p,Utah Jazz,,Sacramento Kings,,,,,,Golden 1 Center,
Fri Oct 24 2025,10:30p,Phoenix Suns,,Los Angeles Clippers,,,,,,Intuit Dome,
Sat Oct 25 2025,7:00p,Chicago Bulls,,Orlando Magic,,,,,,Kia Center,
Sat Oct 25 2025,7:30p,Oklahoma City Thunder,,Atlanta Hawks,,,,,,State Farm Arena,
Sat Oct 25 2025,7:30p,Charlotte Hornets,,Philadelphia 76ers,,,,,,Xfinity Mobile Arena,
Sat Oct 25 2025,8:00p,Indiana Pacers,,Memphis Grizzlies,,,,,,FedExForum,
Sat Oct 25 2025,9:00p,Phoenix Suns,,Denver Nuggets,,,,,,Ball Arena,
Sun Oct 26 2025,2:00p,Brooklyn Nets,,San Antonio Spurs,,,,,,Frost Bank Center,
Sun Oct 26 2025,3:30p,Boston Celtics,,Detroit Pistons,,,,,,Little Caesars Arena,
Sun Oct 26 2025,6:00p,Charlotte Hornets,,Washington Wizards,,,,,,Capital One Arena,
Sun Oct 26 2025,6:00p,New York Knicks,,Miami Heat,,,,,,Kaseya Center,
Sun Oct 26 2025,6:00p,Milwaukee Bucks,,Cleveland Cavaliers,,,,,,Rocket Arena,
Sun Oct 26 2025,7:00p,Indiana Pacers,,Minnesota Timberwolves,,,,,,Target Center,
Sun Oct 26 2025,7:30p,Toronto Raptors,,Dallas Mavericks,,,,,,American Airlines Center,
Sun Oct 26 2025,9:00p,Los Angeles Lakers,,Sacramento Kings,,,,,,Golden 1 Center,
Sun Oct 26 2025,9:00p,Portland Trail Blazers,,Los Angeles Clippers,,,,,,Intuit Dome,
Mon Oct 27 2025,7:00p,Cleveland Cavaliers,,Detroit Pistons,,,,,,Little Caesars Arena,
Mon Oct 27 2025,7:00p,Orlando Magic,,Philadelphia 76ers,,,,,,Xfinity Mobile Arena,
Mon Oct 27 2025,8:00p,Atlanta Hawks,,Chicago Bulls,,,,,,United Center,
Mon Oct 27 2025,8:00p,Brooklyn Nets,,Houston Rockets,,,,,,Toyota Center,
Mon Oct 27 2025,8:00p,Boston Celtics,,New Orleans Pelicans,,,,,,Smoothie King Center,
Mon Oct 27 2025,8:00p,Toronto Raptors,,San Antonio Spurs,,,,,,Frost Bank Center,
Mon Oct 27 2025,8:30p,Oklahoma City Thunder,,Dallas Mavericks,,,,,,American Airlines Center,
Mon Oct 27 2025,9:00p,Phoenix Suns,,Utah Jazz,,,,,,Delta Center,
Mon Oct 27 2025,9:30p,Denver Nuggets,,Minnesota Timberwolves,,,,,,Target Center,
Mon Oct 27 2025,10:00p,Memphis Grizzlies,,Golden State Warriors,,,,,,Chase Center,
Mon Oct 27 2025,10:30p,Portland Trail Blazers,,Los Angeles Lakers,,,,,,Crypto.com Arena,
Tue Oct 28 2025,7:00p,Philadelphia 76ers,,Washington Wizards,,,,,,Capital One Arena,
Tue Oct 28 2025,7:30p,Charlotte Hornets,,Miami Heat,,,,,,Kaseya Center,
Tue Oct 28 2025,8:00p,New York Knicks,,Milwaukee Bucks,,,,,,Fiserv Forum,
Tue Oct 28 2025,8:00p,Sacramento Kings,,Oklahoma City Thunder,,,,,,Paycom Center,
Tue Oct 28 2025,11:00p,Los Angeles Clippers,,Golden State Warriors,,,,,,Chase Center,
Wed Oct 29 2025,7:00p,Cleveland Cavaliers,,Boston Celtics,,,,,,TD Garden,
Wed Oct 29 2025,7:00p,Orlando Magic,,Detroit Pistons,,,,,,Little Caesars Arena,
Wed Oct 29 2025,7:30p,Atlanta Hawks,,Brooklyn Nets,,,,,,Barclays Center,
Wed Oct 29 2025,7:30p,Houston Rockets,,Toronto Raptors,,,,,,Scotiabank Arena,
Wed Oct 29 2025,8:00p,Sacramento Kings,,Chicago Bulls,,,,,,United Center,
Wed Oct 29 2025,8:30p,Indiana Pacers,,Dallas Mavericks,,,,,,American Airlines Center,
Wed Oct 29 2025,9:00p,Portland Trail Blazers,,Utah Jazz,,,,,,Delta Center,
Wed Oct 29 2025,9:00p,New Orleans Pelicans,,Denver Nuggets,,,,,,Ball Arena,
Wed Oct 29 2025,9:30p,Los Angeles Lakers,,Minnesota Timberwolves,,,,,,Target Center,
Wed Oct 29 2025,10:00p,Memphis Grizzlies,,Phoenix Suns,,,,,,PHX Arena,
Thu Oct 30 2025,7:00p,Orlando Magic,,Charlotte Hornets,,,,,,Spectrum Center,
Thu Oct 30 2025,8:00p,Golden State Warriors,,Milwaukee Bucks,,,,,,Fiserv Forum,
Thu Oct 30 2025,8:00p,Washington Wizards,,Oklahoma City Thunder,,,,,,Paycom Center,
Thu Oct 30 2025,8:30p,Miami Heat,,San Antonio Spurs,,,,,,Frost Bank Center,
Fri Oct 31 2025,7:00p,Atlanta Hawks,,Indiana Pacers,,,,,,Gainbridge Fieldhouse,NBA Cup
Fri Oct 31 2025,7:00p,Boston Celtics,,Philadelphia 76ers,,,,,,Xfinity Mobile Arena,NBA Cup
Fri Oct 31 2025,7:30p,Toronto Raptors,,Cleveland Cavaliers,,,,,,Rocket Arena,NBA Cup
Fri Oct 31 2025,8:00p,New York Knicks,,Chicago Bulls,,,,,,United Center,NBA Cup
Fri Oct 31 2025,9:30p,Los Angeles Lakers,,Memphis Grizzlies,,,,,,FedExForum,NBA Cup
Fri Oct 31 2025,10:00p,Utah Jazz,,Phoenix Suns,,,,,,PHX Arena,NBA Cup
Fri Oct 31 2025,10:00p,Denver Nuggets,,Portland Trail Blazers,,,,,,Moda Center,NBA Cup
Fri Oct 31 2025,10:30p,New Orleans Pelicans,,Los Angeles Clippers,,,,,,Intuit Dome,NBA Cup
Sat Nov 1 2025,5:00p,Sacramento Kings,,Milwaukee Bucks,,,,,,Fiserv Forum,
Sat Nov 1 2025,6:00p,Minnesota Timberwolves,,Charlotte Hornets,,,,,,Spectrum Center,
Sat Nov 1 2025,7:00p,Golden State Warriors,,Indiana Pacers,,,,,,Gainbridge Fieldhouse,
Sat Nov 1 2025,7:00p,Orlando Magic,,Washington Wizards,,,,,,Capital One Arena,
Sat Nov 1 2025,8:00p,Houston Rockets,,Boston Celtics,,,,,,TD Garden,
Sat Nov 1 2025,10:00p,Dallas Mavericks,,Detroit Pistons,,,,,,Mexico City Arena,
Sun Nov 2 2025,3:30p,New Orleans Pelicans,,Oklahoma City Thunder,,,,,,Paycom Center,
Sun Nov 2 2025,6:00p,Philadelphia 76ers,,Brooklyn Nets,,,,,,Barclays Center,
Sun Nov 2 2025,6:00p,Utah Jazz,,Charlotte Hornets,,,,,,Spectrum Center,
Sun Nov 2 2025,6:00p,Atlanta Hawks,,Cleveland Cavaliers,,,,,,Rocket Arena,
Sun Nov 2 2025,6:00p,Memphis Grizzlies,,Toronto Raptors,,,,,,Scotiabank Arena,
Sun Nov 2 2025,7:00p,Chicago Bulls,,New York Knicks,,,,,,Madison Square Garden (IV),
Sun Nov 2 2025,8:00p,San Antonio Spurs,,Phoenix Suns,,,,,,PHX Arena,
Sun Nov 2 2025,9:30p,Miami Heat,,Los Angeles Lakers,,,,,,Crypto.com Arena,
Mon Nov 3 2025,7:00p,Minnesota Timberwolves,,Brooklyn Nets,,,,,,Barclays Center,
Mon Nov 3 2025,7:00p,Milwaukee Bucks,,Indiana Pacers,,,,,,Gainbridge Fieldhouse,
Mon Nov 3 2025,7:30p,Utah Jazz,,Boston Celtics,,,,,,TD Garden,
Mon Nov 3 2025,7:30p,Washington Wizards,,New York Knicks,,,,,,Madison Square Garden (IV),
Mon Nov 3 2025,8:00p,Dallas Mavericks,,Houston Rockets,,,,,,Toyota Center,
Mon Nov 3 2025,8:00p,Detroit Pistons,,Memphis Grizzlies,,,,,,FedExForum,
Mon Nov 3 2025,9:00p,Sacramento Kings,,Denver Nuggets,,,,,,Ball Arena,
Mon Nov 3 2025,10:00p,Los Angeles Lakers,,Portland Trail Blazers,,,,,,Moda Center,
Mon Nov 3 2025,10:30p,Miami Heat,,Los Angeles Clippers,,,,,,Intuit Dome,
Tue Nov 4 2025,7:30p,Milwaukee Bucks,,Toronto Raptors,,,,,,Scotiabank Arena,
Tue Nov 4 2025,8:00p,Orlando Magic,,Atlanta Hawks,,,,,,State Farm Arena,
Tue Nov 4 2025,8:00p,Philadelphia 76ers,,Chicago Bulls,,,,,,United Center,
Tue Nov 4 2025,8:00p,Charlotte Hornets,,New Orleans Pelicans,,,,,,Smoothie King Center,
Tue Nov 4 2025,10:00p,Phoenix Suns,,Golden State Warriors,,,,,,Chase Center,
Tue Nov 4 2025,11:00p,Oklahoma City Thunder,,Los Angeles Clippers,,,,,,Intuit Dome,
Wed Nov 5 2025,7:00p,Philadelphia 76ers,,Cleveland Cavaliers,,,,,,Rocket Arena,
Wed Nov 5 2025,7:00p,Utah Jazz,,Detroit Pistons,,,,,,Little Caesars Arena,
Wed Nov 5 2025,7:00p,Brooklyn Nets,,Indiana Pacers,,,,,,Gainbridge Fieldhouse,
Wed Nov 5 2025,7:30p,Washington Wizards,,Boston Celtics,,,,,,TD Garden,
Wed Nov 5 2025,7:30p,Minnesota Timberwolves,,New York Knicks,,,,,,Madison Square Garden (IV),
Wed Nov 5 2025,8:00p,Houston Rockets,,Memphis Grizzlies,,,,,,FedExForum,
Wed Nov 5 2025,8:30p,New Orleans Pelicans,,Dallas Mavericks,,,,,,American Airlines Center,
Wed Nov 5 2025,9:00p,Miami Heat,,Denver Nuggets,,,,,,Ball Arena,
Wed Nov 5 2025,10:00p,San Antonio Spurs,,Los Angeles Lakers,,,,,,Crypto.com Arena,
Wed Nov 5 2025,10:00p,Oklahoma City Thunder,,Portland Trail Blazers,,,,,,Moda Center,
Wed Nov 5 2025,10:00p,Golden State Warriors,,Sacramento Kings,,,,,,Golden 1 Center,
Thu Nov 6 2025,9:00p,Los Angeles Clippers,,Phoenix Suns,,,,,,PHX Arena,
Fri Nov 7 2025,7:00p,Boston Celtics,,Orlando Magic,,,,,,Kia Center,NBA Cup
Fri Nov 7 2025,7:00p,Cleveland Cavaliers,,Washington Wizards,,,,,,Capital One Arena,NBA Cup
Fri Nov 7 2025,7:30p,Toronto Raptors,,Atlanta Hawks,,,,,,State Farm Arena,NBA Cup
Fri Nov 7 2025,7:30p,Detroit Pistons,,Brooklyn Nets,,,,,,Barclays Center,NBA Cup
Fri Nov 7 2025,7:30p,Houston Rockets,,San Antonio Spurs,,,,,,Frost Bank Center,NBA Cup
Fri Nov 7 2025,8:00p,Dallas Mavericks,,Memphis Grizzlies,,,,,,FedExForum,NBA Cup
Fri Nov 7 2025,8:00p,Charlotte Hornets,,Miami Heat,,,,,,Kaseya Center,NBA Cup
Fri Nov 7 2025,8:00p,Chicago Bulls,,Milwaukee Bucks,,,,,,Fiserv Forum,NBA Cup
Fri Nov 7 2025,8:00p,Utah Jazz,,Minnesota Timberwolves,,,,,,Target Center,NBA Cup
Fri Nov 7 2025,10:00p,Golden State Warriors,,Denver Nuggets,,,,,,Ball Arena,NBA Cup
Fri Nov 7 2025,10:00p,Oklahoma City Thunder,,Sacramento Kings,,,,,,Golden 1 Center,NBA Cup
Sat Nov 8 2025,7:00p,Dallas Mavericks,,Washington Wizards,,,,,,Capital One Arena,
Sat Nov 8 2025,7:30p,Toronto Raptors,,Philadelphia 76ers,,,,,,Xfinity Mobile Arena,
Sat Nov 8 2025,8:00p,Los Angeles Lakers,,Atlanta Hawks,,,,,,State Farm Arena,
Sat Nov 8 2025,8:00p,Chicago Bulls,,Cleveland Cavaliers,,,,,,Rocket Arena,
Sat Nov 8 2025,8:00p,Portland Trail Blazers,,Miami Heat,,,,,,Kaseya Center,
Sat Nov 8 2025,8:00p,New Orleans Pelicans,,San Antonio Spurs,,,,,,Frost Bank Center,
Sat Nov 8 2025,9:00p,Indiana Pacers,,Denver Nuggets,,,,,,Ball Arena,
Sat Nov 8 2025,10:30p,Phoenix Suns,,Los Angeles Clippers,,,,,,Intuit Dome,
Sun Nov 9 2025,3:30p,Houston Rockets,,Milwaukee Bucks,,,,,,Fiserv Forum,
Sun Nov 9 2025,6:00p,Oklahoma City Thunder,,Memphis Grizzlies,,,,,,FedExForum,
Sun Nov 9 2025,6:00p,Brooklyn Nets,,New York Knicks,,,,,,Madison Square Garden (IV),
Sun Nov 9 2025,6:00p,Boston Celtics,,Orlando Magic,,,,,,Kia Center,
Sun Nov 9 2025,7:30p,Detroit Pistons,,Philadelphia 76ers,,,,,,Xfinity Mobile Arena,
Sun Nov 9 2025,8:30p,Indiana Pacers,,Golden State Warriors,,,,,,Chase Center,
Sun Nov 9 2025,9:00p,Minnesota Timberwolves,,Sacramento Kings,,,,,,Golden 1 Center,
Mon Nov 10 2025,7:00p,Los Angeles Lakers,,Charlotte Hornets,,,,,,Spectrum Center,
Mon Nov 10 2025,7:00p,Washington Wizards,,Detroit Pistons,,,,,,Little Caesars Arena,
Mon Nov 10 2025,7:00p,Portland Trail Blazers,,Orlando Magic,,,,,,Kia Center,
Mon Nov 10 2025,7:30p,Cleveland Cavaliers,,Miami Heat,,,,,,Kaseya Center,
Mon Nov 10 2025,8:00p,San Antonio Spurs,,Chicago Bulls,,,,,,United Center,
Mon Nov 10 2025,8:30p,Milwaukee Bucks,,Dallas Mavericks,,,,,,American Airlines Center,
Mon Nov 10 2025,9:00p,New Orleans Pelicans,,Phoenix Suns,,,,,,PHX Arena,
Mon Nov 10 2025,9:00p,Minnesota Timberwolves,,Utah Jazz,,,,,,Delta Center,
Mon Nov 10 2025,10:30p,Atlanta Hawks,,Los Angeles Clippers,,,,,,Intuit Dome,
Tue Nov 11 2025,7:30p,Toronto Raptors,,Brooklyn Nets,,,,,,Barclays Center,
Tue Nov 11 2025,7:30p,Memphis Grizzlies,,New York Knicks,,,,,,Madison Square Garden (IV),
Tue Nov 11 2025,8:00p,Golden State Warriors,,Oklahoma City Thunder,,,,,,Paycom Center,
Tue Nov 11 2025,8:00p,Boston Celtics,,Philadelphia 76ers,,,,,,Xfinity Mobile Arena,
Tue Nov 11 2025,9:00p,Indiana Pacers,,Utah Jazz,,,,,,Delta Center,
Tue Nov 11 2025,11:00p,Denver Nuggets,,Sacramento Kings,,,,,,Golden 1 Center,
Wed Nov 12 2025,7:00p,Milwaukee Bucks,,Charlotte Hornets,,,,,,Spectrum Center,
Wed Nov 12 2025,7:00p,Chicago Bulls,,Detroit Pistons,,,,,,Little Caesars Arena,
Wed Nov 12 2025,7:00p,Orlando Magic,,New York Knicks,,,,,,Madison Square Garden (IV),
Wed Nov 12 2025,7:30p,Memphis Grizzlies,,Boston Celtics,,,,,,TD Garden,
Wed Nov 12 2025,7:30p,Cleveland Cavaliers,,Miami Heat,,,,,,Kaseya Center,
Wed Nov 12 2025,8:00p,Washington Wizards,,Houston Rockets,,,,,,Toyota Center,
Wed Nov 12 2025,8:00p,Portland Trail Blazers,,New Orleans Pelicans,,,,,,Smoothie King Center,
Wed Nov 12 2025,8:00p,Golden State Warriors,,San Antonio Spurs,,,,,,Frost Bank Center,
Wed Nov 12 2025,8:30p,Phoenix Suns,,Dallas Mavericks,,,,,,American Airlines Center,
Wed Nov 12 2025,9:30p,Los Angeles Lakers,,Oklahoma City Thunder,,,,,,Paycom Center,
Wed Nov 12 2025,10:00p,Atlanta Hawks,,Sacramento Kings,,,,,,Golden 1 Center,
Wed Nov 12 2025,10:30p,Denver Nuggets,,Los Angeles Clippers,,,,,,Intuit Dome,
Thu Nov 13 2025,7:00p,Toronto Raptors,,Cleveland Cavaliers,,,,,,Rocket Arena,
Thu Nov 13 2025,9:00p,Indiana Pacers,,Phoenix Suns,,,,,,PHX Arena,
Thu Nov 13 2025,9:00p,Atlanta Hawks,,Utah Jazz,,,,,,Delta Center,
Fri Nov 14 2025,7:00p,Miami Heat,,New York Knicks,,,,,,Madison Square Garden (IV),NBA Cup
Fri Nov 14 2025,7:00p,Brooklyn Nets,,Orlando Magic,,,,,,Kia Center,NBA Cup
Fri Nov 14 2025,7:30p,Philadelphia 76ers,,Detroit Pistons,,,,,,Little Caesars Arena,NBA Cup
Fri Nov 14 2025,8:00p,Portland Trail Blazers,,Houston Rockets,,,,,,Toyota Center,NBA Cup
Fri Nov 14 2025,8:00p,Charlotte Hornets,,Milwaukee Bucks,,,,,,Fiserv Forum,NBA Cup
Fri Nov 14 2025,8:00p,Sacramento Kings,,Minnesota Timberwolves,,,,,,Target Center,NBA Cup
Fri Nov 14 2025,8:00p,Los Angeles Lakers,,New Orleans Pelicans,,,,,,Smoothie King Center,NBA Cup
Fri Nov 14 2025,8:30p,Los Angeles Clippers,,Dallas Mavericks,,,,,,American Airlines Center,NBA Cup
Fri Nov 14 2025,9:30p,Golden State Warriors,,San Antonio Spurs,,,,,,Frost Bank Center,NBA Cup
Sat Nov 15 2025,5:00p,Memphis Grizzlies,,Cleveland Cavaliers,,,,,,Rocket Arena,
Sat Nov 15 2025,7:00p,Oklahoma City Thunder,,Charlotte Hornets,,,,,,Spectrum Center,
Sat Nov 15 2025,7:00p,Toronto Raptors,,Indiana Pacers,,,,,,Gainbridge Fieldhouse,
Sat Nov 15 2025,8:00p,Los Angeles Lakers,,Milwaukee Bucks,,,,,,Fiserv Forum,
Sat Nov 15 2025,8:00p,Denver Nuggets,,Minnesota Timberwolves,,,,,,Target Center,
Sun Nov 16 2025,3:30p,Los Angeles Clippers,,Boston Celtics,,,,,,TD Garden,
Sun Nov 16 2025,4:00p,Sacramento Kings,,San Antonio Spurs,,,,,,Frost Bank Center,
Sun Nov 16 2025,6:00p,Brooklyn Nets,,Washington Wizards,,,,,,Capital One Arena,
Sun Nov 16 2025,7:00p,Orlando Magic,,Houston Rockets,,,,,,Toyota Center,
Sun Nov 16 2025,7:00p,Golden State Warriors,,New Orleans Pelicans,,,,,,Smoothie King Center,
Sun Nov 16 2025,7:30p,Portland Trail Blazers,,Dallas Mavericks,,,,,,American Airlines Center,
Sun Nov 16 2025,8:00p,Atlanta Hawks,,Phoenix Suns,,,,,,PHX Arena,
Sun Nov 16 2025,8:00p,Chicago Bulls,,Utah Jazz,,,,,,Delta Center,
Mon Nov 17 2025,7:00p,Milwaukee Bucks,,Cleveland Cavaliers,,,,,,Rocket Arena,
Mon Nov 17 2025,7:00p,Indiana Pacers,,Detroit Pistons,,,,,,Little Caesars Arena,
Mon Nov 17 2025,7:00p,Los Angeles Clippers,,Philadelphia 76ers,,,,,,Xfinity Mobile Arena,
Mon Nov 17 2025,7:30p,New York Knicks,,Miami Heat,,,,,,Kaseya Center,
Mon Nov 17 2025,7:30p,Charlotte Hornets,,Toronto Raptors,,,,,,Scotiabank Arena,
Mon Nov 17 2025,8:00p,Dallas Mavericks,,Minnesota Timberwolves,,,,,,Target Center,
Mon Nov 17 2025,8:00p,Oklahoma City Thunder,,New Orleans Pelicans,,,,,,Smoothie King Center,
Mon Nov 17 2025,9:00p,Chicago Bulls,,Denver Nuggets,,,,,,Ball Arena,
Tue Nov 18 2025,7:00p,Golden State Warriors,,Orlando Magic,,,,,,Kia Center,
Tue Nov 18 2025,7:30p,Boston Celtics,,Brooklyn Nets,,,,,,Barclays Center,
Tue Nov 18 2025,8:00p,Detroit Pistons,,Atlanta Hawks,,,,,,State Farm Arena,
Tue Nov 18 2025,8:00p,Memphis Grizzlies,,San Antonio Spurs,,,,,,Frost Bank Center,
Tue Nov 18 2025,10:30p,Utah Jazz,,Los Angeles Lakers,,,,,,Crypto.com Arena,
Tue Nov 18 2025,11:00p,Phoenix Suns,,Portland Trail Blazers,,,,,,Moda Center,
Wed Nov 19 2025,7:00p,Houston Rockets,,Cleveland Cavaliers,,,,,,Rocket Arena,
Wed Nov 19 2025,7:00p,Charlotte Hornets,,Indiana Pacers,,,,,,Gainbridge Fieldhouse,
Wed Nov 19 2025,7:00p,Golden State Warriors,,Miami Heat,,,,,,Kaseya Center,
Wed Nov 19 2025,7:00p,Toronto Raptors,,Philadelphia 76ers,,,,,,Xfinity Mobile Arena,
Wed Nov 19 2025,8:00p,Washington Wizards,,Minnesota Timberwolves,,,,,,Target Center,
Wed Nov 19 2025,8:00p,Denver Nuggets,,New Orleans Pelicans,,,,,,Smoothie King Center,
Wed Nov 19 2025,8:00p,Sacramento Kings,,Oklahoma City Thunder,,,,,,Paycom Center,
Wed Nov 19 2025,9:30p,New York Knicks,,Dallas Mavericks,,,,,,American Airlines Center,
Wed Nov 19 2025,10:00p,Chicago Bulls,,Portland Trail Blazers,,,,,,Moda Center,
Thu Nov 20 2025,7:00p,Los Angeles Clippers,,Orlando Magic,,,,,,Kia Center,
Thu Nov 20 2025,8:00p,Sacramento Kings,,Memphis Grizzlies,,,,,,FedExForum,
Thu Nov 20 2025,8:00p,Philadelphia 76ers,,Milwaukee Bucks,,,,,,Fiserv Forum,
Thu Nov 20 2025,8:00p,Atlanta Hawks,,San Antonio Spurs,,,,,,Frost Bank Center,
Fri Nov 21 2025,7:00p,Indiana Pacers,,Cleveland Cavaliers,,,,,,Rocket Arena,NBA Cup
Fri Nov 21 2025,7:30p,Brooklyn Nets,,Boston Celtics,,,,,,TD Garden,NBA Cup
Fri Nov 21 2025,7:30p,Washington Wizards,,Toronto Raptors,,,,,,Scotiabank Arena,NBA Cup
Fri Nov 21 2025,8:00p,Miami Heat,,Chicago Bulls,,,,,,United Center,NBA Cup
Fri Nov 21 2025,8:30p,New Orleans Pelicans,,Dallas Mavericks,,,,,,American Airlines Center,NBA Cup
Fri Nov 21 2025,9:00p,Minnesota Timberwolves,,Phoenix Suns,,,,,,PHX Arena,NBA Cup
Fri Nov 21 2025,9:30p,Denver Nuggets,,Houston Rockets,,,,,,Toyota Center,NBA Cup
Fri Nov 21 2025,10:00p,Portland Trail Blazers,,Golden State Warriors,,,,,,Chase Center,NBA Cup
Fri Nov 21 2025,10:00p,Oklahoma City Thunder,,Utah Jazz,,,,,,Delta Center,NBA Cup
Sat Nov 22 2025,1:00p,Los Angeles Clippers,,Charlotte Hornets,,,,,,Spectrum Center,
Sat Nov 22 2025,5:00p,New York Knicks,,Orlando Magic,,,,,,Kia Center,
Sat Nov 22 2025,7:00p,Atlanta Hawks,,New Orleans Pelicans,,,,,,Smoothie King Center,
Sat Nov 22 2025,8:00p,Washington Wizards,,Chicago Bulls,,,,,,United Center,
Sat Nov 22 2025,8:00p,Detroit Pistons,,Milwaukee Bucks,,,,,,Fiserv Forum,
Sat Nov 22 2025,8:30p,Memphis Grizzlies,,Dallas Mavericks,,,,,,American Airlines Center,
Sat Nov 22 2025,9:00p,Sacramento Kings,,Denver Nuggets,,,,,,Ball Arena,
Sun Nov 23 2025,1:00p,Miami Heat,,Philadelphia 76ers,,,,,,Xfinity Mobile Arena,
Sun Nov 23 2025,6:00p,Charlotte Hornets,,Atlanta Hawks,,,,,,State Farm Arena,
Sun Nov 23 2025,6:00p,Orlando Magic,,Boston Celtics,,,,,,TD Garden,
Sun Nov 23 2025,6:00p,Los Angeles Clippers,,Cleveland Cavaliers,,,,,,Rocket Arena,
Sun Nov 23 2025,6:00p,Brooklyn Nets,,Toronto Raptors,,,,,,Scotiabank Arena,
Sun Nov 23 2025,7:00p,Portland Trail Blazers,,Oklahoma City Thunder,,,,,,Paycom Center,
Sun Nov 23 2025,8:00p,San Antonio Spurs,,Phoenix Suns,,,,,,PHX Arena,
Sun Nov 23 2025,8:00p,Los Angeles Lakers,,Utah Jazz,,,,,,Delta Center,
Mon Nov 24 2025,7:00p,Detroit Pistons,,Indiana Pacers,,,,,,Gainbridge Fieldhouse,
Mon Nov 24 2025,7:00p,Cleveland Cavaliers,,Toronto Raptors,,,,,,Scotiabank Arena,
Mon Nov 24 2025,7:30p,New York Knicks,,Brooklyn Nets,,,,,,Barclays Center,
Mon Nov 24 2025,7:30p,Dallas Mavericks,,Miami Heat,,,,,,Kaseya Center,
Mon Nov 24 2025,8:00p,Denver Nuggets,,Memphis Grizzlies,,,,,,FedExForum,
Mon Nov 24 2025,8:00p,Portland Trail Blazers,,Milwaukee Bucks,,,,,,Fiserv Forum,
Mon Nov 24 2025,8:00p,Chicago Bulls,,New Orleans Pelicans,,,,,,Smoothie King Center,
Mon Nov 24 2025,9:30p,Houston Rockets,,Phoenix Suns,,,,,,PHX Arena,
Mon Nov 24 2025,10:00p,Utah Jazz,,Golden State Warriors,,,,,,Chase Center,
Mon Nov 24 2025,10:00p,Minnesota Timberwolves,,Sacramento Kings,,,,,,Golden 1 Center,
Tue Nov 25 2025,7:00p,Atlanta Hawks,,Washington Wizards,,,,,,Capital One Arena,NBA Cup
Tue Nov 25 2025,8:00p,Orlando Magic,,Philadelphia 76ers,,,,,,Xfinity Mobile Arena,NBA Cup
Tue Nov 25 2025,11:00p,Los Angeles Clippers,,Los Angeles Lakers,,,,,,Crypto.com Arena,NBA Cup
Wed Nov 26 2025,5:00p,Detroit Pistons,,Boston Celtics,,,,,,TD Garden,NBA Cup
Wed Nov 26 2025,7:00p,New York Knicks,,Charlotte Hornets,,,,,,Spectrum Center,NBA Cup
Wed Nov 26 2025,7:30p,Milwaukee Bucks,,Miami Heat,,,,,,Kaseya Center,NBA Cup
Wed Nov 26 2025,7:30p,Minnesota Timberwolves,,Oklahoma City Thunder,,,,,,Paycom Center,NBA Cup
Wed Nov 26 2025,7:30p,Indiana Pacers,,Toronto Raptors,,,,,,Scotiabank Arena,NBA Cup
Wed Nov 26 2025,8:00p,Memphis Grizzlies,,New Orleans Pelicans,,,,,,Smoothie King Center,NBA Cup
Wed Nov 26 2025,10:00p,Houston Rockets,,Golden State Warriors,,,,,,Chase Center,NBA Cup
Wed Nov 26 2025,10:00p,San Antonio Spurs,,Portland Trail Blazers,,,,,,Moda Center,NBA Cup
Wed Nov 26 2025,10:00p,Phoenix Suns,,Sacramento Kings,,,,,,Golden 1 Center,NBA Cup
Fri Nov 28 2025,7:30p,Cleveland Cavaliers,,Atlanta Hawks,,,,,,State Farm Arena,NBA Cup
Fri Nov 28 2025,7:30p,Philadelphia 76ers,,Brooklyn Nets,,,,,,Barclays Center,NBA Cup
Fri Nov 28 2025,7:30p,Chicago Bulls,,Charlotte Hornets,,,,,,Spectrum Center,NBA Cup
Fri Nov 28 2025,7:30p,Orlando Magic,,Detroit Pistons,,,,,,Little Caesars Arena,NBA Cup
Fri Nov 28 2025,7:30p,Washington Wizards,,Indiana Pacers,,,,,,Gainbridge Fieldhouse,NBA Cup
Fri Nov 28 2025,7:30p,Milwaukee Bucks,,New York Knicks,,,,,,Madison Square Garden (IV),NBA Cup
Fri Nov 28 2025,9:30p,San Antonio Spurs,,Denver Nuggets,,,,,,Ball Arena,NBA Cup
Fri Nov 28 2025,9:30p,Phoenix Suns,,Oklahoma City Thunder,,,,,,Paycom Center,NBA Cup
Fri Nov 28 2025,9:30p,Sacramento Kings,,Utah Jazz,,,,,,Delta Center,NBA Cup
Fri Nov 28 2025,10:00p,Memphis Grizzlies,,Los Angeles Clippers,,,,,,Intuit Dome,NBA Cup
Fri Nov 28 2025,10:00p,Dallas Mavericks,,Los Angeles Lakers,,,,,,Crypto.com Arena,NBA Cup
Sat Nov 29 2025,5:00p,Boston Celtics,,Minnesota Timberwolves,,,,,,Target Center,
Sat Nov 29 2025,6:00p,Toronto Raptors,,Charlotte Hornets,,,,,,Spectrum Center,
Sat Nov 29 2025,7:30p,Chicago Bulls,,Indiana Pacers,,,,,,Gainbridge Fieldhouse,
Sat Nov 29 2025,8:00p,Detroit Pistons,,Miami Heat,,,,,,Kaseya Center,
Sat Nov 29 2025,8:00p,Brooklyn Nets,,Milwaukee Bucks,,,,,,Fiserv Forum,
Sat Nov 29 2025,8:30p,New Orleans Pelicans,,Golden State Warriors,,,,,,Chase Center,
Sat Nov 29 2025,9:00p,Denver Nuggets,,Phoenix Suns,,,,,,PHX Arena,
Sat Nov 29 2025,10:00p,Dallas Mavericks,,Los Angeles Clippers,,,,,,Intuit Dome,
Sun Nov 30 2025,3:00p,Houston Rockets,,Utah Jazz,,,,,,Delta Center,
Sun Nov 30 2025,6:00p,Boston Celtics,,Cleveland Cavaliers,,,,,,Rocket Arena,
Sun Nov 30 2025,6:00p,Toronto Raptors,,New York Knicks,,,,,,Madison Square Garden (IV),
Sun Nov 30 2025,6:00p,Atlanta Hawks,,Philadelphia 76ers,,,,,,Xfinity Mobile Arena,
Sun Nov 30 2025,6:00p,Oklahoma City Thunder,,Portland Trail Blazers,,,,,,Moda Center,
Sun Nov 30 2025,7:00p,San Antonio Spurs,,Minnesota Timberwolves,,,,,,Target Center,
Sun Nov 30 2025,9:00p,Memphis Grizzlies,,Sacramento Kings,,,,,,Golden 1 Center,
Sun Nov 30 2025,9:30p,New Orleans Pelicans,,Los Angeles Lakers,,,,,,Crypto.com Arena,
Mon Dec 1 2025,7:00p,Atlanta Hawks,,Detroit Pistons,,,,,,Little Caesars Arena,
Mon Dec 1 2025,7:00p,Cleveland Cavaliers,,Indiana Pacers,,,,,,Gainbridge Fieldhouse,
Mon Dec 1 2025,7:00p,Milwaukee Bucks,,Washington Wizards,,,,,,Capital One Arena,
Mon Dec 1 2025,7:30p,Charlotte Hornets,,Brooklyn Nets,,,,,,Barclays Center,
Mon Dec 1 2025,7:30p,Los Angeles Clippers,,Miami Heat,,,,,,Kaseya Center,
Mon Dec 1 2025,7:30p,Chicago Bulls,,Orlando Magic,,,,,,Kia Center,
Mon Dec 1 2025,9:00p,Dallas Mavericks,,Denver Nuggets,,,,,,Ball Arena,
Mon Dec 1 2025,9:00p,Houston Rockets,,Utah Jazz,,,,,,Delta Center,
Mon Dec 1 2025,10:00p,Phoenix Suns,,Los Angeles Lakers,,,,,,Crypto.com Arena,
Tue Dec 2 2025,7:00p,Washington Wizards,,Philadelphia 76ers,,,,,,Xfinity Mobile Arena,
Tue Dec 2 2025,7:30p,Portland Trail Blazers,,Toronto Raptors,,,,,,Scotiabank Arena,
Tue Dec 2 2025,8:00p,New York Knicks,,Boston Celtics,,,,,,TD Garden,
Tue Dec 2 2025,8:00p,Minnesota Timberwolves,,New Orleans Pelicans,,,,,,Smoothie King Center,
Tue Dec 2 2025,8:00p,Memphis Grizzlies,,San Antonio Spurs,,,,,,Frost Bank Center,
Tue Dec 2 2025,11:00p,Oklahoma City Thunder,,Golden State Warriors,,,,,,Chase Center,
Wed Dec 3 2025,7:00p,Portland Trail Blazers,,Cleveland Cavaliers,,,,,,Rocket Arena,
Wed Dec 3 2025,7:00p,Denver Nuggets,,Indiana Pacers,,,,,,Gainbridge Fieldhouse,
Wed Dec 3 2025,7:00p,San Antonio Spurs,,Orlando Magic,,,,,,Kia Center,
Wed Dec 3 2025,7:30p,Los Angeles Clippers,,Atlanta Hawks,,,,,,State Farm Arena,
Wed Dec 3 2025,7:30p,Charlotte Hornets,,New York Knicks,,,,,,Madison Square Garden (IV),
Wed Dec 3 2025,8:00p,Brooklyn Nets,,Chicago Bulls,,,,,,United Center,
Wed Dec 3 2025,8:00p,Sacramento Kings,,Houston Rockets,,,,,,Toyota Center,
Wed Dec 3 2025,8:00p,Detroit Pistons,,Milwaukee Bucks,,,,,,Fiserv Forum,
Wed Dec 3 2025,8:30p,Miami Heat,,Dallas Mavericks,,,,,,American Airlines Center,
Thu Dec 4 2025,7:00p,Golden State Warriors,,Philadelphia 76ers,,,,,,Xfinity Mobile Arena,
Thu Dec 4 2025,7:00p,Boston Celtics,,Washington Wizards,,,,,,Capital One Arena,
Thu Dec 4 2025,7:30p,Utah Jazz,,Brooklyn Nets,,,,,,Barclays Center,
Thu Dec 4 2025,7:30p,Los Angeles Lakers,,Toronto Raptors,,,,,,Scotiabank Arena,
Thu Dec 4 2025,8:00p,Minnesota Timberwolves,,New Orleans Pelicans,,,,,,Smoothie King Center,
Fri Dec 5 2025,7:00p,Los Angeles Lakers,,Boston Celtics,,,,,,TD Garden,
Fri Dec 5 2025,7:00p,Miami Heat,,Orlando Magic,,,,,,Kia Center,
Fri Dec 5 2025,7:30p,Denver Nuggets,,Atlanta Hawks,,,,,,State Farm Arena,
Fri Dec 5 2025,7:30p,San Antonio Spurs,,Cleveland Cavaliers,,,,,,Rocket Arena,
Fri Dec 5 2025,7:30p,Portland Trail Blazers,,Detroit Pistons,,,,,,Little Caesars Arena,
Fri Dec 5 2025,7:30p,Utah Jazz,,New York Knicks,,,,,,Madison Square Garden (IV),
Fri Dec 5 2025,7:30p,Charlotte Hornets,,Toronto Raptors,,,,,,Scotiabank Arena,
Fri Dec 5 2025,8:00p,Indiana Pacers,,Chicago Bulls,,,,,,United Center,
Fri Dec 5 2025,8:00p,Phoenix Suns,,Houston Rockets,,,,,,Toyota Center,
Fri Dec 5 2025,8:00p,Los Angeles Clippers,,Memphis Grizzlies,,,,,,FedExForum,
Fri Dec 5 2025,8:00p,Philadelphia 76ers,,Milwaukee Bucks,,,,,,Fiserv Forum,
Fri Dec 5 2025,9:30p,Dallas Mavericks,,Oklahoma City Thunder,,,,,,Paycom Center,
Sat Dec 6 2025,5:00p,New Orleans Pelicans,,Brooklyn Nets,,,,,,Barclays Center,
Sat Dec 6 2025,7:00p,Atlanta Hawks,,Washington Wizards,,,,,,Capital One Arena,
Sat Dec 6 2025,7:30p,Golden State Warriors,,Cleveland Cavaliers,,,,,,Rocket Arena,
Sat Dec 6 2025,7:30p,Milwaukee Bucks,,Detroit Pistons,,,,,,Little Caesars Arena,
Sat Dec 6 2025,8:00p,Sacramento Kings,,Miami Heat,,,,,,Kaseya Center,
Sat Dec 6 2025,8:00p,Los Angeles Clippers,,Minnesota Timberwolves,,,,,,Target Center,
Sat Dec 6 2025,8:30p,Houston Rockets,,Dallas Mavericks,,,,,,American Airlines Center,
Sun Dec 7 2025,12:00p,Orlando Magic,,New York Knicks,,,,,,Madison Square Garden (IV),
Sun Dec 7 2025,3:30p,Boston Celtics,,Toronto Raptors,,,,,,Scotiabank Arena,
Sun Dec 7 2025,6:00p,Denver Nuggets,,Charlotte Hornets,,,,,,Spectrum Center,
Sun Dec 7 2025,6:00p,Portland Trail Blazers,,Memphis Grizzlies,,,,,,FedExForum,
Sun Dec 7 2025,7:00p,Golden State Warriors,,Chicago Bulls,,,,,,United Center,
Sun Dec 7 2025,7:30p,Los Angeles Lakers,,Philadelphia 76ers,,,,,,Xfinity Mobile Arena,
Sun Dec 7 2025,8:00p,Oklahoma City Thunder,,Utah Jazz,,,,,,Delta Center,
Mon Dec 8 2025,7:00p,Sacramento Kings,,Indiana Pacers,,,,,,Gainbridge Fieldhouse,
Mon Dec 8 2025,8:00p,Phoenix Suns,,Minnesota Timberwolves,,,,,,Target Center,
Mon Dec 8 2025,9:30p,San Antonio Spurs,,New Orleans Pelicans,,,,,,Smoothie King Center,
Tue Dec 9 2025,,,,,,,,,,,NBA Cup
Wed Dec 10 2025,,,,,,,,,,,NBA Cup
Sat Dec 13 2025,,,,,,,,,,T-Mobile Arena,NBA Cup
Tue Dec 16 2025,,,,,,,,,,T-Mobile Arena,NBA Cup
Wed Dec 17 2025,8:00p,Cleveland Cavaliers,,Chicago Bulls,,,,,,United Center,
Wed Dec 17 2025,8:00p,Memphis Grizzlies,,Minnesota Timberwolves,,,,,,Target Center,
Wed Dec 17 2025,8:00p,Los Angeles Clippers,,Oklahoma City Thunder,,,,,,Paycom Center,
Wed Dec 17 2025,8:00p,Washington Wizards,,San Antonio Spurs,,,,,,Frost Bank Center,
Thu Dec 18 2025,7:00p,Atlanta Hawks,,Charlotte Hornets,,,,,,Spectrum Center,
Thu Dec 18 2025,7:00p,New York Knicks,,Indiana Pacers,,,,,,Gainbridge Fieldhouse,
Thu Dec 18 2025,7:30p,Miami Heat,,Brooklyn Nets,,,,,,Barclays Center,
Thu Dec 18 2025,8:00p,Toronto Raptors,,Milwaukee Bucks,,,,,,Fiserv Forum,
Thu Dec 18 2025,8:00p,Houston Rockets,,New Orleans Pelicans,,,,,,Smoothie King Center,
Thu Dec 18 2025,8:30p,Detroit Pistons,,Dallas Mavericks,,,,,,American Airlines Center,
Thu Dec 18 2025,9:00p,Orlando Magic,,Denver Nuggets,,,,,,Ball Arena,
Thu Dec 18 2025,9:00p,Golden State Warriors,,Phoenix Suns,,,,,,PHX Arena,
Thu Dec 18 2025,9:00p,Los Angeles Lakers,,Utah Jazz,,,,,,Delta Center,
Thu Dec 18 2025,10:00p,Sacramento Kings,,Portland Trail Blazers,,,,,,Moda Center,
Fri Dec 19 2025,7:00p,Miami Heat,,Boston Celtics,,,,,,TD Garden,
Fri Dec 19 2025,7:00p,Philadelphia 76ers,,New York Knicks,,,,,,Madison Square Garden (IV),
Fri Dec 19 2025,7:30p,San Antonio Spurs,,Atlanta Hawks,,,,,,State Farm Arena,
Fri Dec 19 2025,7:30p,Chicago Bulls,,Cleveland Cavaliers,,,,,,Rocket Arena,
Fri Dec 19 2025,9:30p,Oklahoma City Thunder,,Minnesota Timberwolves,,,,,,Target Center,
Sat Dec 20 2025,5:00p,Houston Rockets,,Denver Nuggets,,,,,,Ball Arena,
Sat Dec 20 2025,7:00p,Indiana Pacers,,New Orleans Pelicans,,,,,,Smoothie King Center,
Sat Dec 20 2025,7:00p,Dallas Mavericks,,Philadelphia 76ers,,,,,,Xfinity Mobile Arena,
Sat Dec 20 2025,7:00p,Boston Celtics,,Toronto Raptors,,,,,,Scotiabank Arena,
Sat Dec 20 2025,7:30p,Charlotte Hornets,,Detroit Pistons,,,,,,Little Caesars Arena,
Sat Dec 20 2025,8:00p,Washington Wizards,,Memphis Grizzlies,,,,,,FedExForum,
Sat Dec 20 2025,8:30p,Phoenix Suns,,Golden State Warriors,,,,,,Chase Center,
Sat Dec 20 2025,9:30p,Orlando Magic,,Utah Jazz,,,,,,Delta Center,
Sat Dec 20 2025,10:00p,Portland Trail Blazers,,Sacramento Kings,,,,,,Golden 1 Center,
Sat Dec 20 2025,10:30p,Los Angeles Lakers,,Los Angeles Clippers,,,,,,Intuit Dome,
Sun Dec 21 2025,3:30p,Chicago Bulls,,Atlanta Hawks,,,,,,State Farm Arena,
Sun Dec 21 2025,6:00p,Toronto Raptors,,Brooklyn Nets,,,,,,Barclays Center,
Sun Dec 21 2025,6:00p,Miami Heat,,New York Knicks,,,,,,Madison Square Garden (IV),
Sun Dec 21 2025,7:00p,Milwaukee Bucks,,Minnesota Timberwolves,,,,,,Target Center,
Sun Dec 21 2025,7:00p,San Antonio Spurs,,Washington Wizards,,,,,,Capital One Arena,
Sun Dec 21 2025,10:00p,Houston Rockets,,Sacramento Kings,,,,,,Golden 1 Center,
Mon Dec 22 2025,7:00p,Charlotte Hornets,,Cleveland Cavaliers,,,,,,Rocket Arena,
Mon Dec 22 2025,7:30p,Indiana Pacers,,Boston Celtics,,,,,,TD Garden,
Mon Dec 22 2025,8:00p,Dallas Mavericks,,New Orleans Pelicans,,,,,,Smoothie King Center,
Mon Dec 22 2025,9:00p,Utah Jazz,,Denver Nuggets,,,,,,Ball Arena,
Mon Dec 22 2025,9:30p,Memphis Grizzlies,,Oklahoma City Thunder,,,,,,Paycom Center,
Mon Dec 22 2025,10:00p,Orlando Magic,,Golden State Warriors,,,,,,Chase Center,
Mon Dec 22 2025,10:00p,Detroit Pistons,,Portland Trail Blazers,,,,,,Moda Center,
Tue Dec 23 2025,7:00p,Washington Wizards,,Charlotte Hornets,,,,,,Spectrum Center,
Tue Dec 23 2025,7:00p,Brooklyn Nets,,Philadelphia 76ers,,,,,,Xfinity Mobile Arena,
Tue Dec 23 2025,7:30p,Chicago Bulls,,Atlanta Hawks,,,,,,State Farm Arena,
Tue Dec 23 2025,7:30p,New Orleans Pelicans,,Cleveland Cavaliers,,,,,,Rocket Arena,
Tue Dec 23 2025,7:30p,Milwaukee Bucks,,Indiana Pacers,,,,,,Gainbridge Fieldhouse,
Tue Dec 23 2025,7:30p,Toronto Raptors,,Miami Heat,,,,,,Kaseya Center,
Tue Dec 23 2025,8:00p,Denver Nuggets,,Dallas Mavericks,,,,,,American Airlines Center,
Tue Dec 23 2025,8:00p,New York Knicks,,Minnesota Timberwolves,,,,,,Target Center,
Tue Dec 23 2025,8:30p,Oklahoma City Thunder,,San Antonio Spurs,,,,,,Frost Bank Center,
Tue Dec 23 2025,9:00p,Los Angeles Lakers,,Phoenix Suns,,,,,,PHX Arena,
Tue Dec 23 2025,9:00p,Memphis Grizzlies,,Utah Jazz,,,,,,Delta Center,
Tue Dec 23 2025,10:00p,Orlando Magic,,Portland Trail Blazers,,,,,,Moda Center,
Tue Dec 23 2025,10:00p,Detroit Pistons,,Sacramento Kings,,,,,,Golden 1 Center,
Tue Dec 23 2025,11:00p,Houston Rockets,,Los Angeles Clippers,,,,,,Intuit Dome,
Thu Dec 25 2025,12:00p,Cleveland Cavaliers,,New York Knicks,,,,,,Madison Square Garden (IV),
Thu Dec 25 2025,2:30p,San Antonio Spurs,,Oklahoma City Thunder,,,,,,Paycom Center,
Thu Dec 25 2025,5:00p,Dallas Mavericks,,Golden State Warriors,,,,,,Chase Center,
Thu Dec 25 2025,8:00p,Houston Rockets,,Los Angeles Lakers,,,,,,Crypto.com Arena,
Thu Dec 25 2025,10:30p,Minnesota Timberwolves,,Denver Nuggets,,,,,,Ball Arena,
Fri Dec 26 2025,7:00p,Miami Heat,,Atlanta Hawks,,,,,,State Farm Arena,
Fri Dec 26 2025,7:00p,Charlotte Hornets,,Orlando Magic,,,,,,Kia Center,
Fri Dec 26 2025,7:00p,Toronto Raptors,,Washington Wizards,,,,,,Capital One Arena,
Fri Dec 26 2025,7:30p,Boston Celtics,,Indiana Pacers,,,,,,Gainbridge Fieldhouse,
Fri Dec 26 2025,8:00p,Philadelphia 76ers,,Chicago Bulls,,,,,,United Center,
Fri Dec 26 2025,8:00p,Milwaukee Bucks,,Memphis Grizzlies,,,,,,FedExForum,
Fri Dec 26 2025,8:00p,Phoenix Suns,,New Orleans Pelicans,,,,,,Smoothie King Center,
Fri Dec 26 2025,9:30p,Detroit Pistons,,Utah Jazz,,,,,,Delta Center,
Fri Dec 26 2025,10:00p,Los Angeles Clippers,,Portland Trail Blazers,,,,,,Moda Center,
Sat Dec 27 2025,5:00p,Dallas Mavericks,,Sacramento Kings,,,,,,Golden 1 Center,
Sat Dec 27 2025,7:00p,Phoenix Suns,,New Orleans Pelicans,,,,,,Smoothie King Center,
Sat Dec 27 2025,7:00p,Denver Nuggets,,Orlando Magic,,,,,,Kia Center,
Sat Dec 27 2025,8:00p,New York Knicks,,Atlanta Hawks,,,,,,State Farm Arena,
Sat Dec 27 2025,8:00p,Milwaukee Bucks,,Chicago Bulls,,,,,,United Center,
Sat Dec 27 2025,8:00p,Cleveland Cavaliers,,Houston Rockets,,,,,,Toyota Center,
Sat Dec 27 2025,8:00p,Indiana Pacers,,Miami Heat,,,,,,Kaseya Center,
Sat Dec 27 2025,8:00p,Brooklyn Nets,,Minnesota Timberwolves,,,,,,Target Center,
Sat Dec 27 2025,8:00p,Utah Jazz,,San Antonio Spurs,,,,,,Frost Bank Center,
Sun Dec 28 2025,3:30p,Philadelphia 76ers,,Oklahoma City Thunder,,,,,,Paycom Center,
Sun Dec 28 2025,3:30p,Golden State Warriors,,Toronto Raptors,,,,,,Scotiabank Arena,
Sun Dec 28 2025,6:00p,Boston Celtics,,Portland Trail Blazers,,,,,,Moda Center,
Sun Dec 28 2025,6:00p,Memphis Grizzlies,,Washington Wizards,,,,,,Capital One Arena,
Sun Dec 28 2025,9:00p,Detroit Pistons,,Los Angeles Clippers,,,,,,Intuit Dome,
Sun Dec 28 2025,9:30p,Sacramento Kings,,Los Angeles Lakers,,,,,,Crypto.com Arena,
Mon Dec 29 2025,7:00p,Milwaukee Bucks,,Charlotte Hornets,,,,,,Spectrum Center,
Mon Dec 29 2025,7:00p,Phoenix Suns,,Washington Wizards,,,,,,Capital One Arena,
Mon Dec 29 2025,7:30p,Golden State Warriors,,Brooklyn Nets,,,,,,Barclays Center,
Mon Dec 29 2025,7:30p,Denver Nuggets,,Miami Heat,,,,,,Kaseya Center,
Mon Dec 29 2025,7:30p,Orlando Magic,,Toronto Raptors,,,,,,Scotiabank Arena,
Mon Dec 29 2025,8:00p,Minnesota Timberwolves,,Chicago Bulls,,,,,,United Center,
Mon Dec 29 2025,8:00p,Indiana Pacers,,Houston Rockets,,,,,,Toyota Center,
Mon Dec 29 2025,8:00p,New York Knicks,,New Orleans Pelicans,,,,,,Smoothie King Center,
Mon Dec 29 2025,8:00p,Atlanta Hawks,,Oklahoma City Thunder,,,,,,Paycom Center,
Mon Dec 29 2025,8:00p,Cleveland Cavaliers,,San Antonio Spurs,,,,,,Frost Bank Center,
Mon Dec 29 2025,11:00p,Dallas Mavericks,,Portland Trail Blazers,,,,,,Moda Center,
Tue Dec 30 2025,8:00p,Philadelphia 76ers,,Memphis Grizzlies,,,,,,FedExForum,
Tue Dec 30 2025,9:00p,Boston Celtics,,Utah Jazz,,,,,,Delta Center,
Tue Dec 30 2025,10:30p,Detroit Pistons,,Los Angeles Lakers,,,,,,Crypto.com Arena,
Tue Dec 30 2025,11:00p,Sacramento Kings,,Los Angeles Clippers,,,,,,Intuit Dome,
Wed Dec 31 2025,1:00p,Golden State Warriors,,Charlotte Hornets,,,,,,Spectrum Center,
Wed Dec 31 2025,3:00p,Minnesota Timberwolves,,Atlanta Hawks,,,,,,State Farm Arena,
Wed Dec 31 2025,3:00p,Orlando Magic,,Indiana Pacers,,,,,,Gainbridge Fieldhouse,
Wed Dec 31 2025,3:30p,Phoenix Suns,,Cleveland Cavaliers,,,,,,Rocket Arena,
Wed Dec 31 2025,7:00p,New Orleans Pelicans,,Chicago Bulls,,,,,,United Center,
Wed Dec 31 2025,7:00p,New York Knicks,,San Antonio Spurs,,,,,,Frost Bank Center,
Wed Dec 31 2025,7:30p,Denver Nuggets,,Toronto Raptors,,,,,,Scotiabank Arena,
Wed Dec 31 2025,8:00p,Washington Wizards,,Milwaukee Bucks,,,,,,Fiserv Forum,
Wed Dec 31 2025,8:00p,Portland Trail Blazers,,Oklahoma City Thunder,,,,,,Paycom Center,
Thu Jan 1 2026,6:00p,Houston Rockets,,Brooklyn Nets,,,,,,Barclays Center,
Thu Jan 1 2026,7:00p,Miami Heat,,Detroit Pistons,,,,,,Little Caesars Arena,
Thu Jan 1 2026,8:30p,Philadelphia 76ers,,Dallas Mavericks,,,,,,American Airlines Center,
Thu Jan 1 2026,10:00p,Boston Celtics,,Sacramento Kings,,,,,,Golden 1 Center,
Thu Jan 1 2026,10:30p,Utah Jazz,,Los Angeles Clippers,,,,,,Intuit Dome,
Fri Jan 2 2026,7:00p,San Antonio Spurs,,Indiana Pacers,,,,,,Gainbridge Fieldhouse,
Fri Jan 2 2026,7:00p,Brooklyn Nets,,Washington Wizards,,,,,,Capital One Arena,
Fri Jan 2 2026,7:30p,Denver Nuggets,,Cleveland Cavaliers,,,,,,Rocket Arena,
Fri Jan 2 2026,7:30p,Atlanta Hawks,,New York Knicks,,,,,,Madison Square Garden (IV),
Fri Jan 2 2026,8:00p,Orlando Magic,,Chicago Bulls,,,,,,United Center,
Fri Jan 2 2026,8:00p,Charlotte Hornets,,Milwaukee Bucks,,,,,,Fiserv Forum,
Fri Jan 2 2026,8:00p,Portland Trail Blazers,,New Orleans Pelicans,,,,,,Smoothie King Center,
Fri Jan 2 2026,9:00p,Sacramento Kings,,Phoenix Suns,,,,,,PHX Arena,
Fri Jan 2 2026,10:00p,Oklahoma City Thunder,,Golden State Warriors,,,,,,Chase Center,
Fri Jan 2 2026,10:30p,Memphis Grizzlies,,Los Angeles Lakers,,,,,,Crypto.com Arena,
Sat Jan 3 2026,5:00p,Minnesota Timberwolves,,Miami Heat,,,,,,Kaseya Center,
Sat Jan 3 2026,7:30p,Philadelphia 76ers,,New York Knicks,,,,,,Madison Square Garden (IV),
Sat Jan 3 2026,7:30p,Atlanta Hawks,,Toronto Raptors,,,,,,Scotiabank Arena,
Sat Jan 3 2026,8:00p,Charlotte Hornets,,Chicago Bulls,,,,,,United Center,
Sat Jan 3 2026,8:00p,Portland Trail Blazers,,San Antonio Spurs,,,,,,Frost Bank Center,
Sat Jan 3 2026,8:30p,Houston Rockets,,Dallas Mavericks,,,,,,American Airlines Center,
Sat Jan 3 2026,10:00p,Utah Jazz,,Golden State Warriors,,,,,,Chase Center,
Sat Jan 3 2026,10:30p,Boston Celtics,,Los Angeles Clippers,,,,,,Intuit Dome,
Sun Jan 4 2026,2:00p,Detroit Pistons,,Cleveland Cavaliers,,,,,,Rocket Arena,
Sun Jan 4 2026,3:00p,Indiana Pacers,,Orlando Magic,,,,,,Kia Center,
Sun Jan 4 2026,3:30p,Denver Nuggets,,Brooklyn Nets,,,,,,Barclays Center,
Sun Jan 4 2026,6:00p,New Orleans Pelicans,,Miami Heat,,,,,,Kaseya Center,
Sun Jan 4 2026,6:00p,Minnesota Timberwolves,,Washington Wizards,,,,,,Capital One Arena,
Sun Jan 4 2026,8:00p,Oklahoma City Thunder,,Phoenix Suns,,,,,,PHX Arena,
Sun Jan 4 2026,9:00p,Milwaukee Bucks,,Sacramento Kings,,,,,,Golden 1 Center,
Sun Jan 4 2026,9:30p,Memphis Grizzlies,,Los Angeles Lakers,,,,,,Crypto.com Arena,
Mon Jan 5 2026,7:00p,New York Knicks,,Detroit Pistons,,,,,,Little Caesars Arena,
Mon Jan 5 2026,7:30p,Chicago Bulls,,Boston Celtics,,,,,,TD Garden,
Mon Jan 5 2026,7:30p,Atlanta Hawks,,Toronto Raptors,,,,,,Scotiabank Arena,
Mon Jan 5 2026,8:00p,Phoenix Suns,,Houston Rockets,,,,,,Toyota Center,
Mon Jan 5 2026,8:00p,Charlotte Hornets,,Oklahoma City Thunder,,,,,,Paycom Center,
Mon Jan 5 2026,8:30p,Denver Nuggets,,Philadelphia 76ers,,,,,,Xfinity Mobile Arena,
Mon Jan 5 2026,10:00p,Golden State Warriors,,Los Angeles Clippers,,,,,,Intuit Dome,
Mon Jan 5 2026,10:00p,Utah Jazz,,Portland Trail Blazers,,,,,,Moda Center,
Tue Jan 6 2026,7:00p,Cleveland Cavaliers,,Indiana Pacers,,,,,,Gainbridge Fieldhouse,
Tue Jan 6 2026,7:00p,Orlando Magic,,Washington Wizards,,,,,,Capital One Arena,
Tue Jan 6 2026,8:00p,San Antonio Spurs,,Memphis Grizzlies,,,,,,FedExForum,
Tue Jan 6 2026,8:00p,Miami Heat,,Minnesota Timberwolves,,,,,,Target Center,
Tue Jan 6 2026,8:00p,Los Angeles Lakers,,New Orleans Pelicans,,,,,,Smoothie King Center,
Tue Jan 6 2026,11:00p,Dallas Mavericks,,Sacramento Kings,,,,,,Golden 1 Center,
Wed Jan 7 2026,7:00p,Toronto Raptors,,Charlotte Hornets,,,,,,Spectrum Center,
Wed Jan 7 2026,7:00p,Chicago Bulls,,Detroit Pistons,,,,,,Little Caesars Arena,
Wed Jan 7 2026,7:00p,Washington Wizards,,Philadelphia 76ers,,,,,,Xfinity Mobile Arena,
Wed Jan 7 2026,7:30p,New Orleans Pelicans,,Atlanta Hawks,,,,,,State Farm Arena,
Wed Jan 7 2026,7:30p,Denver Nuggets,,Boston Celtics,,,,,,TD Garden,
Wed Jan 7 2026,7:30p,Orlando Magic,,Brooklyn Nets,,,,,,Barclays Center,
Wed Jan 7 2026,7:30p,Los Angeles Clippers,,New York Knicks,,,,,,Madison Square Garden (IV),
Wed Jan 7 2026,7:30p,Los Angeles Lakers,,San Antonio Spurs,,,,,,Frost Bank Center,
Wed Jan 7 2026,8:00p,Phoenix Suns,,Memphis Grizzlies,,,,,,FedExForum,
Wed Jan 7 2026,8:00p,Utah Jazz,,Oklahoma City Thunder,,,,,,Paycom Center,
Wed Jan 7 2026,10:00p,Milwaukee Bucks,,Golden State Warriors,,,,,,Chase Center,
Wed Jan 7 2026,10:00p,Houston Rockets,,Portland Trail Blazers,,,,,,Moda Center,
Thu Jan 8 2026,7:00p,Indiana Pacers,,Charlotte Hornets,,,,,,Spectrum Center,
Thu Jan 8 2026,8:00p,Miami Heat,,Chicago Bulls,,,,,,United Center,
Thu Jan 8 2026,8:00p,Cleveland Cavaliers,,Minnesota Timberwolves,,,,,,Target Center,
Thu Jan 8 2026,9:00p,Dallas Mavericks,,Utah Jazz,,,,,,Delta Center,
Fri Jan 9 2026,7:00p,Toronto Raptors,,Boston Celtics,,,,,,TD Garden,
Fri Jan 9 2026,7:00p,Philadelphia 76ers,,Orlando Magic,,,,,,Kia Center,
Fri Jan 9 2026,7:00p,New Orleans Pelicans,,Washington Wizards,,,,,,Capital One Arena,
Fri Jan 9 2026,7:30p,Los Angeles Clippers,,Brooklyn Nets,,,,,,Barclays Center,
Fri Jan 9 2026,8:00p,Oklahoma City Thunder,,Memphis Grizzlies,,,,,,FedExForum,
Fri Jan 9 2026,9:00p,Atlanta Hawks,,Denver Nuggets,,,,,,Ball Arena,
Fri Jan 9 2026,9:00p,New York Knicks,,Phoenix Suns,,,,,,PHX Arena,
Fri Jan 9 2026,10:00p,Sacramento Kings,,Golden State Warriors,,,,,,Chase Center,
Fri Jan 9 2026,10:00p,Houston Rockets,,Portland Trail Blazers,,,,,,Moda Center,
Fri Jan 9 2026,10:30p,Milwaukee Bucks,,Los Angeles Lakers,,,,,,Crypto.com Arena,
Sat Jan 10 2026,1:00p,Minnesota Timberwolves,,Cleveland Cavaliers,,,,,,Rocket Arena,
Sat Jan 10 2026,7:00p,Miami Heat,,Indiana Pacers,,,,,,Gainbridge Fieldhouse,
Sat Jan 10 2026,7:30p,Los Angeles Clippers,,Detroit Pistons,,,,,,Little Caesars Arena,
Sat Jan 10 2026,8:00p,San Antonio Spurs,,Boston Celtics,,,,,,TD Garden,
Sat Jan 10 2026,8:00p,Dallas Mavericks,,Chicago Bulls,,,,,,United Center,
Sat Jan 10 2026,9:30p,Charlotte Hornets,,Utah Jazz,,,,,,Delta Center,
Sun Jan 11 2026,3:00p,New Orleans Pelicans,,Orlando Magic,,,,,,Kia Center,
Sun Jan 11 2026,3:30p,Brooklyn Nets,,Memphis Grizzlies,,,,,,FedExForum,
Sun Jan 11 2026,6:00p,New York Knicks,,Portland Trail Blazers,,,,,,Moda Center,
Sun Jan 11 2026,6:00p,Philadelphia 76ers,,Toronto Raptors,,,,,,Scotiabank Arena,
Sun Jan 11 2026,7:00p,San Antonio Spurs,,Minnesota Timberwolves,,,,,,Target Center,
Sun Jan 11 2026,7:00p,Miami Heat,,Oklahoma City Thunder,,,,,,Paycom Center,
Sun Jan 11 2026,8:00p,Milwaukee Bucks,,Denver Nuggets,,,,,,Ball Arena,
Sun Jan 11 2026,8:00p,Washington Wizards,,Phoenix Suns,,,,,,PHX Arena,
Sun Jan 11 2026,8:30p,Atlanta Hawks,,Golden State Warriors,,,,,,Chase Center,
Sun Jan 11 2026,9:00p,Houston Rockets,,Sacramento Kings,,,,,,Golden 1 Center,
Mon Jan 12 2026,7:00p,Utah Jazz,,Cleveland Cavaliers,,,,,,Rocket Arena,
Mon Jan 12 2026,7:30p,Boston Celtics,,Indiana Pacers,,,,,,Gainbridge Fieldhouse,
Mon Jan 12 2026,7:30p,Philadelphia 76ers,,Toronto Raptors,,,,,,Scotiabank Arena,
Mon Jan 12 2026,8:30p,Brooklyn Nets,,Dallas Mavericks,,,,,,American Airlines Center,
Mon Jan 12 2026,10:00p,Los Angeles Lakers,,Sacramento Kings,,,,,,Golden 1 Center,
Mon Jan 12 2026,10:30p,Charlotte Hornets,,Los Angeles Clippers,,,,,,Intuit Dome,
Tue Jan 13 2026,7:30p,Phoenix Suns,,Miami Heat,,,,,,Kaseya Center,
Tue Jan 13 2026,8:00p,Chicago Bulls,,Houston Rockets,,,,,,Toyota Center,
Tue Jan 13 2026,8:00p,Minnesota Timberwolves,,Milwaukee Bucks,,,,,,Fiserv Forum,
Tue Jan 13 2026,8:00p,Denver Nuggets,,New Orleans Pelicans,,,,,,Smoothie King Center,
Tue Jan 13 2026,8:00p,San Antonio Spurs,,Oklahoma City Thunder,,,,,,Paycom Center,
Tue Jan 13 2026,10:30p,Atlanta Hawks,,Los Angeles Lakers,,,,,,Crypto.com Arena,
Tue Jan 13 2026,11:00p,Portland Trail Blazers,,Golden State Warriors,,,,,,Chase Center,
Wed Jan 14 2026,7:00p,Toronto Raptors,,Indiana Pacers,,,,,,Gainbridge Fieldhouse,
Wed Jan 14 2026,7:00p,Cleveland Cavaliers,,Philadelphia 76ers,,,,,,Xfinity Mobile Arena,
Wed Jan 14 2026,8:00p,Utah Jazz,,Chicago Bulls,,,,,,United Center,
Wed Jan 14 2026,8:00p,Brooklyn Nets,,New Orleans Pelicans,,,,,,Smoothie King Center,
Wed Jan 14 2026,9:30p,Denver Nuggets,,Dallas Mavericks,,,,,,American Airlines Center,
Wed Jan 14 2026,10:00p,New York Knicks,,Sacramento Kings,,,,,,Golden 1 Center,
Wed Jan 14 2026,10:30p,Washington Wizards,,Los Angeles Clippers,,,,,,Intuit Dome,
Thu Jan 15 2026,2:00p,Memphis Grizzlies,,Orlando Magic,,,,,,Uber Arena,
Thu Jan 15 2026,7:00p,Phoenix Suns,,Detroit Pistons,,,,,,Little Caesars Arena,
Thu Jan 15 2026,7:30p,Oklahoma City Thunder,,Houston Rockets,,,,,,Toyota Center,
Thu Jan 15 2026,7:30p,Boston Celtics,,Miami Heat,,,,,,Kaseya Center,
Thu Jan 15 2026,8:00p,Milwaukee Bucks,,San Antonio Spurs,,,,,,Frost Bank Center,
Thu Jan 15 2026,8:30p,Utah Jazz,,Dallas Mavericks,,,,,,American Airlines Center,
Thu Jan 15 2026,10:00p,New York Knicks,,Golden State Warriors,,,,,,Chase Center,
Thu Jan 15 2026,10:00p,Atlanta Hawks,,Portland Trail Blazers,,,,,,Moda Center,
Thu Jan 15 2026,10:30p,Charlotte Hornets,,Los Angeles Lakers,,,,,,Crypto.com Arena,
Fri Jan 16 2026,7:00p,Chicago Bulls,,Brooklyn Nets,,,,,,Barclays Center,
Fri Jan 16 2026,7:00p,New Orleans Pelicans,,Indiana Pacers,,,,,,Gainbridge Fieldhouse,
Fri Jan 16 2026,7:00p,Cleveland Cavaliers,,Philadelphia 76ers,,,,,,Xfinity Mobile Arena,
Fri Jan 16 2026,7:30p,Los Angeles Clippers,,Toronto Raptors,,,,,,Scotiabank Arena,
Fri Jan 16 2026,9:30p,Minnesota Timberwolves,,Houston Rockets,,,,,,Toyota Center,
Fri Jan 16 2026,10:00p,Washington Wizards,,Sacramento Kings,,,,,,Golden 1 Center,
Sat Jan 17 2026,5:00p,Utah Jazz,,Dallas Mavericks,,,,,,American Airlines Center,
Sat Jan 17 2026,7:30p,Boston Celtics,,Atlanta Hawks,,,,,,State Farm Arena,
Sat Jan 17 2026,7:30p,Indiana Pacers,,Detroit Pistons,,,,,,Little Caesars Arena,
Sat Jan 17 2026,7:30p,Phoenix Suns,,New York Knicks,,,,,,Madison Square Garden (IV),
Sat Jan 17 2026,8:00p,Oklahoma City Thunder,,Miami Heat,,,,,,Kaseya Center,
Sat Jan 17 2026,8:00p,Minnesota Timberwolves,,San Antonio Spurs,,,,,,Frost Bank Center,
Sat Jan 17 2026,8:30p,Charlotte Hornets,,Golden State Warriors,,,,,,Chase Center,
Sat Jan 17 2026,9:00p,Washington Wizards,,Denver Nuggets,,,,,,Ball Arena,
Sat Jan 17 2026,10:00p,Los Angeles Lakers,,Portland Trail Blazers,,,,,,Moda Center,
Sun Jan 18 2026,12:00p,Orlando Magic,,Memphis Grizzlies,,,,,,The O2 Arena,
Sun Jan 18 2026,7:00p,Brooklyn Nets,,Chicago Bulls,,,,,,United Center,
Sun Jan 18 2026,7:00p,New Orleans Pelicans,,Houston Rockets,,,,,,Toyota Center,
Sun Jan 18 2026,8:00p,Charlotte Hornets,,Denver Nuggets,,,,,,Ball Arena,
Sun Jan 18 2026,9:00p,Portland Trail Blazers,,Sacramento Kings,,,,,,Golden 1 Center,
Sun Jan 18 2026,9:30p,Toronto Raptors,,Los Angeles Lakers,,,,,,Crypto.com Arena,
Mon Jan 19 2026,1:00p,Milwaukee Bucks,,Atlanta Hawks,,,,,,State Farm Arena,
Mon Jan 19 2026,2:30p,Oklahoma City Thunder,,Cleveland Cavaliers,,,,,,Rocket Arena,
Mon Jan 19 2026,3:00p,Los Angeles Clippers,,Washington Wizards,,,,,,Capital One Arena,
Mon Jan 19 2026,5:00p,Dallas Mavericks,,New York Knicks,,,,,,Madison Square Garden (IV),
Mon Jan 19 2026,7:00p,Indiana Pacers,,Philadelphia 76ers,,,,,,Xfinity Mobile Arena,
Mon Jan 19 2026,7:30p,Phoenix Suns,,Brooklyn Nets,,,,,,Barclays Center,
Mon Jan 19 2026,8:00p,Boston Celtics,,Detroit Pistons,,,,,,Little Caesars Arena,
Mon Jan 19 2026,8:00p,Utah Jazz,,San Antonio Spurs,,,,,,Frost Bank Center,
Mon Jan 19 2026,10:00p,Miami Heat,,Golden State Warriors,,,,,,Chase Center,
Tue Jan 20 2026,7:00p,Phoenix Suns,,Philadelphia 76ers,,,,,,Xfinity Mobile Arena,
Tue Jan 20 2026,8:00p,Los Angeles Clippers,,Chicago Bulls,,,,,,United Center,
Tue Jan 20 2026,8:00p,San Antonio Spurs,,Houston Rockets,,,,,,Toyota Center,
Tue Jan 20 2026,9:00p,Minnesota Timberwolves,,Utah Jazz,,,,,,Delta Center,
Tue Jan 20 2026,10:00p,Los Angeles Lakers,,Denver Nuggets,,,,,,Ball Arena,
Tue Jan 20 2026,10:00p,Toronto Raptors,,Golden State Warriors,,,,,,Chase Center,
Tue Jan 20 2026,10:00p,Miami Heat,,Sacramento Kings,,,,,,Golden 1 Center,
Wed Jan 21 2026,7:00p,Cleveland Cavaliers,,Charlotte Hornets,,,,,,Spectrum Center,
Wed Jan 21 2026,7:30p,Indiana Pacers,,Boston Celtics,,,,,,TD Garden,
Wed Jan 21 2026,7:30p,Brooklyn Nets,,New York Knicks,,,,,,Madison Square Garden (IV),
Wed Jan 21 2026,8:00p,Atlanta Hawks,,Memphis Grizzlies,,,,,,FedExForum,
Wed Jan 21 2026,8:00p,Detroit Pistons,,New Orleans Pelicans,,,,,,Smoothie King Center,
Wed Jan 21 2026,9:30p,Oklahoma City Thunder,,Milwaukee Bucks,,,,,,Fiserv Forum,
Wed Jan 21 2026,10:00p,Toronto Raptors,,Sacramento Kings,,,,,,Golden 1 Center,
Thu Jan 22 2026,7:00p,Charlotte Hornets,,Orlando Magic,,,,,,Kia Center,
Thu Jan 22 2026,7:00p,Houston Rockets,,Philadelphia 76ers,,,,,,Xfinity Mobile Arena,
Thu Jan 22 2026,7:00p,Denver Nuggets,,Washington Wizards,,,,,,Capital One Arena,
Thu Jan 22 2026,7:30p,Golden State Warriors,,Dallas Mavericks,,,,,,American Airlines Center,
Thu Jan 22 2026,8:00p,Chicago Bulls,,Minnesota Timberwolves,,,,,,Target Center,
Thu Jan 22 2026,9:00p,San Antonio Spurs,,Utah Jazz,,,,,,Delta Center,
Thu Jan 22 2026,10:00p,Los Angeles Lakers,,Los Angeles Clippers,,,,,,Intuit Dome,
Thu Jan 22 2026,10:00p,Miami Heat,,Portland Trail Blazers,,,,,,Moda Center,
Fri Jan 23 2026,7:00p,Houston Rockets,,Detroit Pistons,,,,,,Little Caesars Arena,
Fri Jan 23 2026,7:30p,Phoenix Suns,,Atlanta Hawks,,,,,,State Farm Arena,
Fri Jan 23 2026,7:30p,Boston Celtics,,Brooklyn Nets,,,,,,Barclays Center,
Fri Jan 23 2026,7:30p,Sacramento Kings,,Cleveland Cavaliers,,,,,,Rocket Arena,
Fri Jan 23 2026,8:00p,New Orleans Pelicans,,Memphis Grizzlies,,,,,,FedExForum,
Fri Jan 23 2026,8:00p,Denver Nuggets,,Milwaukee Bucks,,,,,,Fiserv Forum,
Fri Jan 23 2026,9:30p,Indiana Pacers,,Oklahoma City Thunder,,,,,,Paycom Center,
Fri Jan 23 2026,10:00p,Toronto Raptors,,Portland Trail Blazers,,,,,,Moda Center,
Sat Jan 24 2026,3:00p,New York Knicks,,Philadelphia 76ers,,,,,,Xfinity Mobile Arena,
Sat Jan 24 2026,5:30p,Golden State Warriors,,Minnesota Timberwolves,,,,,,Target Center,
Sat Jan 24 2026,6:00p,Washington Wizards,,Charlotte Hornets,,,,,,Spectrum Center,
Sat Jan 24 2026,7:00p,Cleveland Cavaliers,,Orlando Magic,,,,,,Kia Center,
Sat Jan 24 2026,8:00p,Boston Celtics,,Chicago Bulls,,,,,,United Center,
Sat Jan 24 2026,8:30p,Los Angeles Lakers,,Dallas Mavericks,,,,,,American Airlines Center,
Sat Jan 24 2026,9:30p,Miami Heat,,Utah Jazz,,,,,,Delta Center,
Sun Jan 25 2026,3:00p,Sacramento Kings,,Detroit Pistons,,,,,,Little Caesars Arena,
Sun Jan 25 2026,3:30p,Denver Nuggets,,Memphis Grizzlies,,,,,,FedExForum,
Sun Jan 25 2026,7:00p,Dallas Mavericks,,Milwaukee Bucks,,,,,,Fiserv Forum,
Sun Jan 25 2026,7:00p,Toronto Raptors,,Oklahoma City Thunder,,,,,,Paycom Center,
Sun Jan 25 2026,7:00p,New Orleans Pelicans,,San Antonio Spurs,,,,,,Frost Bank Center,
Sun Jan 25 2026,8:00p,Miami Heat,,Phoenix Suns,,,,,,PHX Arena,
Sun Jan 25 2026,9:00p,Brooklyn Nets,,Los Angeles Clippers,,,,,,Intuit Dome,
Mon Jan 26 2026,7:00p,Philadelphia 76ers,,Charlotte Hornets,,,,,,Spectrum Center,
Mon Jan 26 2026,7:00p,Orlando Magic,,Cleveland Cavaliers,,,,,,Rocket Arena,
Mon Jan 26 2026,7:30p,Indiana Pacers,,Atlanta Hawks,,,,,,State Farm Arena,
Mon Jan 26 2026,8:00p,Portland Trail Blazers,,Boston Celtics,,,,,,TD Garden,
Mon Jan 26 2026,8:00p,Los Angeles Lakers,,Chicago Bulls,,,,,,United Center,
Mon Jan 26 2026,8:00p,Memphis Grizzlies,,Houston Rockets,,,,,,Toyota Center,
Mon Jan 26 2026,9:30p,Golden State Warriors,,Minnesota Timberwolves,,,,,,Target Center,
Tue Jan 27 2026,7:00p,Portland Trail Blazers,,Washington Wizards,,,,,,Capital One Arena,
Tue Jan 27 2026,7:30p,Sacramento Kings,,New York Knicks,,,,,,Madison Square Garden (IV),
Tue Jan 27 2026,8:00p,New Orleans Pelicans,,Oklahoma City Thunder,,,,,,Paycom Center,
Tue Jan 27 2026,8:00p,Milwaukee Bucks,,Philadelphia 76ers,,,,,,Xfinity Mobile Arena,
Tue Jan 27 2026,9:00p,Detroit Pistons,,Denver Nuggets,,,,,,Ball Arena,
Tue Jan 27 2026,9:00p,Brooklyn Nets,,Phoenix Suns,,,,,,PHX Arena,
Tue Jan 27 2026,10:00p,Los Angeles Clippers,,Utah Jazz,,,,,,Delta Center,
Wed Jan 28 2026,7:00p,Los Angeles Lakers,,Cleveland Cavaliers,,,,,,Rocket Arena,
Wed Jan 28 2026,7:00p,Chicago Bulls,,Indiana Pacers,,,,,,Gainbridge Fieldhouse,
Wed Jan 28 2026,7:30p,Atlanta Hawks,,Boston Celtics,,,,,,TD Garden,
Wed Jan 28 2026,7:30p,Orlando Magic,,Miami Heat,,,,,,Kaseya Center,
Wed Jan 28 2026,7:30p,New York Knicks,,Toronto Raptors,,,,,,Scotiabank Arena,
Wed Jan 28 2026,8:00p,Charlotte Hornets,,Memphis Grizzlies,,,,,,FedExForum,
Wed Jan 28 2026,8:30p,Minnesota Timberwolves,,Dallas Mavericks,,,,,,American Airlines Center,
Wed Jan 28 2026,9:00p,Golden State Warriors,,Utah Jazz,,,,,,Delta Center,
Wed Jan 28 2026,9:30p,San Antonio Spurs,,Houston Rockets,,,,,,Toyota Center,
Thu Jan 29 2026,7:00p,Sacramento Kings,,Philadelphia 76ers,,,,,,Xfinity Mobile Arena,
Thu Jan 29 2026,7:00p,Milwaukee Bucks,,Washington Wizards,,,,,,Capital One Arena,
Thu Jan 29 2026,8:00p,Houston Rockets,,Atlanta Hawks,,,,,,State Farm Arena,
Thu Jan 29 2026,8:30p,Charlotte Hornets,,Dallas Mavericks,,,,,,American Airlines Center,
Thu Jan 29 2026,9:00p,Brooklyn Nets,,Denver Nuggets,,,,,,Ball Arena,
Thu Jan 29 2026,9:00p,Detroit Pistons,,Phoenix Suns,,,,,,PHX Arena,
Thu Jan 29 2026,9:30p,Oklahoma City Thunder,,Minnesota Timberwolves,,,,,,Target Center,
Fri Jan 30 2026,7:00p,Toronto Raptors,,Orlando Magic,,,,,,Kia Center,
Fri Jan 30 2026,7:00p,Los Angeles Lakers,,Washington Wizards,,,,,,Capital One Arena,
Fri Jan 30 2026,7:30p,Sacramento Kings,,Boston Celtics,,,,,,TD Garden,
Fri Jan 30 2026,7:30p,Memphis Grizzlies,,New Orleans Pelicans,,,,,,Smoothie King Center,
Fri Jan 30 2026,7:30p,Portland Trail Blazers,,New York Knicks,,,,,,Madison Square Garden (IV),
Fri Jan 30 2026,8:00p,Chicago Bulls,,Miami Heat,,,,,,Kaseya Center,
Fri Jan 30 2026,9:00p,Cleveland Cavaliers,,Phoenix Suns,,,,,,PHX Arena,
Fri Jan 30 2026,9:30p,Brooklyn Nets,,Utah Jazz,,,,,,Delta Center,
Fri Jan 30 2026,10:00p,Los Angeles Clippers,,Denver Nuggets,,,,,,Ball Arena,
Fri Jan 30 2026,10:00p,Detroit Pistons,,Golden State Warriors,,,,,,Chase Center,
Sat Jan 31 2026,3:00p,San Antonio Spurs,,Charlotte Hornets,,,,,,Spectrum Center,
Sat Jan 31 2026,7:00p,Atlanta Hawks,,Indiana Pacers,,,,,,Gainbridge Fieldhouse,
Sat Jan 31 2026,7:30p,New Orleans Pelicans,,Philadelphia 76ers,,,,,,Xfinity Mobile Arena,
Sat Jan 31 2026,8:00p,Minnesota Timberwolves,,Memphis Grizzlies,,,,,,FedExForum,
Sat Jan 31 2026,8:30p,Dallas Mavericks,,Houston Rockets,,,,,,Toyota Center,
Sun Feb 1 2026,3:30p,Milwaukee Bucks,,Boston Celtics,,,,,,TD Garden,
Sun Feb 1 2026,4:00p,Orlando Magic,,San Antonio Spurs,,,,,,Frost Bank Center,
Sun Feb 1 2026,6:00p,Brooklyn Nets,,Detroit Pistons,,,,,,Little Caesars Arena,
Sun Feb 1 2026,6:00p,Chicago Bulls,,Miami Heat,,,,,,Kaseya Center,
Sun Feb 1 2026,6:00p,Utah Jazz,,Toronto Raptors,,,,,,Scotiabank Arena,
Sun Feb 1 2026,6:00p,Sacramento Kings,,Washington Wizards,,,,,,Capital One Arena,
Sun Feb 1 2026,7:00p,Los Angeles Lakers,,New York Knicks,,,,,,Madison Square Garden (IV),
Sun Feb 1 2026,8:00p,Los Angeles Clippers,,Phoenix Suns,,,,,,PHX Arena,
Sun Feb 1 2026,9:00p,Cleveland Cavaliers,,Portland Trail Blazers,,,,,,Moda Center,
Sun Feb 1 2026,9:30p,Oklahoma City Thunder,,Denver Nuggets,,,,,,Ball Arena,
Mon Feb 2 2026,7:00p,New Orleans Pelicans,,Charlotte Hornets,,,,,,Spectrum Center,
Mon Feb 2 2026,7:00p,Houston Rockets,,Indiana Pacers,,,,,,Gainbridge Fieldhouse,
Mon Feb 2 2026,9:30p,Minnesota Timberwolves,,Memphis Grizzlies,,,,,,FedExForum,
Mon Feb 2 2026,10:30p,Philadelphia 76ers,,Los Angeles Clippers,,,,,,Intuit Dome,
Tue Feb 3 2026,7:00p,Denver Nuggets,,Detroit Pistons,,,,,,Little Caesars Arena,
Tue Feb 3 2026,7:00p,Utah Jazz,,Indiana Pacers,,,,,,Gainbridge Fieldhouse,
Tue Feb 3 2026,7:00p,New York Knicks,,Washington Wizards,,,,,,Capital One Arena,
Tue Feb 3 2026,7:30p,Los Angeles Lakers,,Brooklyn Nets,,,,,,Barclays Center,
Tue Feb 3 2026,7:30p,Atlanta Hawks,,Miami Heat,,,,,,Kaseya Center,
Tue Feb 3 2026,8:00p,Boston Celtics,,Dallas Mavericks,,,,,,American Airlines Center,
Tue Feb 3 2026,8:00p,Chicago Bulls,,Milwaukee Bucks,,,,,,Fiserv Forum,
Tue Feb 3 2026,8:00p,Orlando Magic,,Oklahoma City Thunder,,,,,,Paycom Center,
Tue Feb 3 2026,10:00p,Philadelphia 76ers,,Golden State Warriors,,,,,,Chase Center,
Tue Feb 3 2026,11:00p,Phoenix Suns,,Portland Trail Blazers,,,,,,Moda Center,
Wed Feb 4 2026,7:00p,Denver Nuggets,,New York Knicks,,,,,,Madison Square Garden (IV),
Wed Feb 4 2026,7:30p,Minnesota Timberwolves,,Toronto Raptors,,,,,,Scotiabank Arena,
Wed Feb 4 2026,8:00p,Boston Celtics,,Houston Rockets,,,,,,Toyota Center,
Wed Feb 4 2026,8:00p,New Orleans Pelicans,,Milwaukee Bucks,,,,,,Fiserv Forum,
Wed Feb 4 2026,9:30p,Oklahoma City Thunder,,San Antonio Spurs,,,,,,Frost Bank Center,
Wed Feb 4 2026,10:00p,Memphis Grizzlies,,Sacramento Kings,,,,,,Golden 1 Center,
Wed Feb 4 2026,10:30p,Cleveland Cavaliers,,Los Angeles Clippers,,,,,,Intuit Dome,
Thu Feb 5 2026,7:00p,Washington Wizards,,Detroit Pistons,,,,,,Little Caesars Arena,
Thu Feb 5 2026,7:00p,Brooklyn Nets,,Orlando Magic,,,,,,Kia Center,
Thu Feb 5 2026,7:30p,Utah Jazz,,Atlanta Hawks,,,,,,State Farm Arena,
Thu Feb 5 2026,7:30p,Chicago Bulls,,Toronto Raptors,,,,,,Scotiabank Arena,
Thu Feb 5 2026,8:00p,Charlotte Hornets,,Houston Rockets,,,,,,Toyota Center,
Thu Feb 5 2026,8:30p,San Antonio Spurs,,Dallas Mavericks,,,,,,American Airlines Center,
Thu Feb 5 2026,9:00p,Golden State Warriors,,Phoenix Suns,,,,,,PHX Arena,
Thu Feb 5 2026,10:00p,Philadelphia 76ers,,Los Angeles Lakers,,,,,,Crypto.com Arena,
Fri Feb 6 2026,7:30p,Miami Heat,,Boston Celtics,,,,,,TD Garden,
Fri Feb 6 2026,7:30p,New York Knicks,,Detroit Pistons,,,,,,Little Caesars Arena,
Fri Feb 6 2026,8:00p,Indiana Pacers,,Milwaukee Bucks,,,,,,Fiserv Forum,
Fri Feb 6 2026,8:00p,New Orleans Pelicans,,Minnesota Timberwolves,,,,,,Target Center,
Fri Feb 6 2026,10:00p,Memphis Grizzlies,,Portland Trail Blazers,,,,,,Moda Center,
Fri Feb 6 2026,10:00p,Los Angeles Clippers,,Sacramento Kings,,,,,,Golden 1 Center,
Sat Feb 7 2026,3:00p,Washington Wizards,,Brooklyn Nets,,,,,,Barclays Center,
Sat Feb 7 2026,3:30p,Houston Rockets,,Oklahoma City Thunder,,,,,,Paycom Center,
Sat Feb 7 2026,6:00p,Dallas Mavericks,,San Antonio Spurs,,,,,,Frost Bank Center,
Sat Feb 7 2026,7:00p,Utah Jazz,,Orlando Magic,,,,,,Kia Center,
Sat Feb 7 2026,7:30p,Charlotte Hornets,,Atlanta Hawks,,,,,,State Farm Arena,
Sat Feb 7 2026,8:00p,Denver Nuggets,,Chicago Bulls,,,,,,United Center,
Sat Feb 7 2026,8:30p,Golden State Warriors,,Los Angeles Lakers,,,,,,Crypto.com Arena,
Sat Feb 7 2026,9:00p,Philadelphia 76ers,,Phoenix Suns,,,,,,PHX Arena,
Sat Feb 7 2026,10:00p,Memphis Grizzlies,,Portland Trail Blazers,,,,,,Moda Center,
Sat Feb 7 2026,10:00p,Cleveland Cavaliers,,Sacramento Kings,,,,,,Golden 1 Center,
Sun Feb 8 2026,12:30p,New York Knicks,,Boston Celtics,,,,,,TD Garden,
Sun Feb 8 2026,2:00p,Miami Heat,,Washington Wizards,,,,,,Capital One Arena,
Sun Feb 8 2026,3:00p,Los Angeles Clippers,,Minnesota Timberwolves,,,,,,Target Center,
Sun Feb 8 2026,3:00p,Indiana Pacers,,Toronto Raptors,,,,,,Scotiabank Arena,
Mon Feb 9 2026,7:00p,Detroit Pistons,,Charlotte Hornets,,,,,,Spectrum Center,
Mon Feb 9 2026,7:30p,Chicago Bulls,,Brooklyn Nets,,,,,,Barclays Center,
Mon Feb 9 2026,7:30p,Utah Jazz,,Miami Heat,,,,,,Kaseya Center,
Mon Feb 9 2026,7:30p,Milwaukee Bucks,,Orlando Magic,,,,,,Kia Center,
Mon Feb 9 2026,8:00p,Atlanta Hawks,,Minnesota Timberwolves,,,,,,Target Center,
Mon Feb 9 2026,8:00p,Sacramento Kings,,New Orleans Pelicans,,,,,,Smoothie King Center,
Mon Feb 9 2026,9:00p,Cleveland Cavaliers,,Denver Nuggets,,,,,,Ball Arena,
Mon Feb 9 2026,10:00p,Memphis Grizzlies,,Golden State Warriors,,,,,,Chase Center,
Mon Feb 9 2026,10:00p,Oklahoma City Thunder,,Los Angeles Lakers,,,,,,Crypto.com Arena,
Mon Feb 9 2026,10:00p,Philadelphia 76ers,,Portland Trail Blazers,,,,,,Moda Center,
Tue Feb 10 2026,7:30p,Indiana Pacers,,New York Knicks,,,,,,Madison Square Garden (IV),
Tue Feb 10 2026,8:00p,Los Angeles Clippers,,Houston Rockets,,,,,,Toyota Center,
Tue Feb 10 2026,9:00p,Dallas Mavericks,,Phoenix Suns,,,,,,PHX Arena,
Tue Feb 10 2026,10:30p,San Antonio Spurs,,Los Angeles Lakers,,,,,,Crypto.com Arena,
Wed Feb 11 2026,7:00p,Atlanta Hawks,,Charlotte Hornets,,,,,,Spectrum Center,
Wed Feb 11 2026,7:00p,Washington Wizards,,Cleveland Cavaliers,,,,,,Rocket Arena,
Wed Feb 11 2026,7:00p,Milwaukee Bucks,,Orlando Magic,,,,,,Kia Center,
Wed Feb 11 2026,7:30p,Chicago Bulls,,Boston Celtics,,,,,,TD Garden,
Wed Feb 11 2026,7:30p,Indiana Pacers,,Brooklyn Nets,,,,,,Barclays Center,
Wed Feb 11 2026,7:30p,New York Knicks,,Philadelphia 76ers,,,,,,Xfinity Mobile Arena,
Wed Feb 11 2026,7:30p,Detroit Pistons,,Toronto Raptors,,,,,,Scotiabank Arena,
Wed Feb 11 2026,8:00p,Los Angeles Clippers,,Houston Rockets,,,,,,Toyota Center,
Wed Feb 11 2026,8:00p,Portland Trail Blazers,,Minnesota Timberwolves,,,,,,Target Center,
Wed Feb 11 2026,8:00p,Miami Heat,,New Orleans Pelicans,,,,,,Smoothie King Center,
Wed Feb 11 2026,9:00p,Oklahoma City Thunder,,Phoenix Suns,,,,,,PHX Arena,
Wed Feb 11 2026,9:00p,Sacramento Kings,,Utah Jazz,,,,,,Delta Center,
Wed Feb 11 2026,10:00p,Memphis Grizzlies,,Denver Nuggets,,,,,,Ball Arena,
Wed Feb 11 2026,10:00p,San Antonio Spurs,,Golden State Warriors,,,,,,Chase Center,
Thu Feb 12 2026,7:30p,Milwaukee Bucks,,Oklahoma City Thunder,,,,,,Paycom Center,
Thu Feb 12 2026,9:00p,Portland Trail Blazers,,Utah Jazz,,,,,,Delta Center,
Thu Feb 12 2026,10:00p,Dallas Mavericks,,Los Angeles Lakers,,,,,,Crypto.com Arena,
Thu Feb 19 2026,7:00p,Houston Rockets,,Charlotte Hornets,,,,,,Spectrum Center,
Thu Feb 19 2026,7:00p,Brooklyn Nets,,Cleveland Cavaliers,,,,,,Rocket Arena,
Thu Feb 19 2026,7:00p,Atlanta Hawks,,Philadelphia 76ers,,,,,,Xfinity Mobile Arena,
Thu Feb 19 2026,7:00p,Indiana Pacers,,Washington Wizards,,,,,,Capital One Arena,
Thu Feb 19 2026,7:30p,Detroit Pistons,,New York Knicks,,,,,,Madison Square Garden (IV),
Thu Feb 19 2026,8:00p,Toronto Raptors,,Chicago Bulls,,,,,,United Center,
Thu Feb 19 2026,8:30p,Phoenix Suns,,San Antonio Spurs,,,,,,Moody Center,
Thu Feb 19 2026,10:00p,Boston Celtics,,Golden State Warriors,,,,,,Chase Center,
Thu Feb 19 2026,10:00p,Orlando Magic,,Sacramento Kings,,,,,,Golden 1 Center,
Thu Feb 19 2026,10:30p,Denver Nuggets,,Los Angeles Clippers,,,,,,Intuit Dome,
Fri Feb 20 2026,7:00p,Cleveland Cavaliers,,Charlotte Hornets,,,,,,Spectrum Center,
Fri Feb 20 2026,7:00p,Utah Jazz,,Memphis Grizzlies,,,,,,FedExForum,
Fri Feb 20 2026,7:00p,Indiana Pacers,,Washington Wizards,,,,,,Capital One Arena,
Fri Feb 20 2026,7:30p,Miami Heat,,Atlanta Hawks,,,,,,State Farm Arena,
Fri Feb 20 2026,7:30p,Dallas Mavericks,,Minnesota Timberwolves,,,,,,Target Center,
Fri Feb 20 2026,8:00p,Milwaukee Bucks,,New Orleans Pelicans,,,,,,Smoothie King Center,
Fri Feb 20 2026,8:00p,Brooklyn Nets,,Oklahoma City Thunder,,,,,,Paycom Center,
Fri Feb 20 2026,10:00p,Los Angeles Clippers,,Los Angeles Lakers,,,,,,Crypto.com Arena,
Fri Feb 20 2026,10:00p,Denver Nuggets,,Portland Trail Blazers,,,,,,Moda Center,
Sat Feb 21 2026,5:00p,Orlando Magic,,Phoenix Suns,,,,,,PHX Arena,
Sat Feb 21 2026,7:00p,Philadelphia 76ers,,New Orleans Pelicans,,,,,,Smoothie King Center,
Sat Feb 21 2026,8:00p,Detroit Pistons,,Chicago Bulls,,,,,,United Center,
Sat Feb 21 2026,8:00p,Memphis Grizzlies,,Miami Heat,,,,,,Kaseya Center,
Sat Feb 21 2026,8:00p,Sacramento Kings,,San Antonio Spurs,,,,,,Moody Center,
Sat Feb 21 2026,8:30p,Houston Rockets,,New York Knicks,,,,,,Madison Square Garden (IV),
Sun Feb 22 2026,1:00p,Cleveland Cavaliers,,Oklahoma City Thunder,,,,,,Paycom Center,
Sun Feb 22 2026,3:30p,Brooklyn Nets,,Atlanta Hawks,,,,,,State Farm Arena,
Sun Feb 22 2026,3:30p,Denver Nuggets,,Golden State Warriors,,,,,,Chase Center,
Sun Feb 22 2026,3:30p,Toronto Raptors,,Milwaukee Bucks,,,,,,Fiserv Forum,
Sun Feb 22 2026,5:00p,Dallas Mavericks,,Indiana Pacers,,,,,,Gainbridge Fieldhouse,
Sun Feb 22 2026,6:00p,Charlotte Hornets,,Washington Wizards,,,,,,Capital One Arena,
Sun Feb 22 2026,6:30p,Boston Celtics,,Los Angeles Lakers,,,,,,Crypto.com Arena,
Sun Feb 22 2026,7:00p,Philadelphia 76ers,,Minnesota Timberwolves,,,,,,Target Center,
Sun Feb 22 2026,8:00p,New York Knicks,,Chicago Bulls,,,,,,United Center,
Sun Feb 22 2026,8:00p,Portland Trail Blazers,,Phoenix Suns,,,,,,PHX Arena,
Sun Feb 22 2026,9:00p,Orlando Magic,,Los Angeles Clippers,,,,,,Intuit Dome,
Mon Feb 23 2026,7:00p,San Antonio Spurs,,Detroit Pistons,,,,,,Little Caesars Arena,
Mon Feb 23 2026,8:00p,Sacramento Kings,,Memphis Grizzlies,,,,,,FedExForum,
Mon Feb 23 2026,9:30p,Utah Jazz,,Houston Rockets,,,,,,Toyota Center,
Tue Feb 24 2026,7:00p,Philadelphia 76ers,,Indiana Pacers,,,,,,Gainbridge Fieldhouse,
Tue Feb 24 2026,7:30p,Washington Wizards,,Atlanta Hawks,,,,,,State Farm Arena,
Tue Feb 24 2026,7:30p,Dallas Mavericks,,Brooklyn Nets,,,,,,Barclays Center,
Tue Feb 24 2026,7:30p,Oklahoma City Thunder,,Toronto Raptors,,,,,,Scotiabank Arena,
Tue Feb 24 2026,8:00p,Charlotte Hornets,,Chicago Bulls,,,,,,United Center,
Tue Feb 24 2026,8:00p,New York Knicks,,Cleveland Cavaliers,,,,,,Rocket Arena,
Tue Feb 24 2026,8:00p,Miami Heat,,Milwaukee Bucks,,,,,,Fiserv Forum,
Tue Feb 24 2026,8:00p,Golden State Warriors,,New Orleans Pelicans,,,,,,Smoothie King Center,
Tue Feb 24 2026,9:00p,Boston Celtics,,Phoenix Suns,,,,,,PHX Arena,
Tue Feb 24 2026,10:30p,Orlando Magic,,Los Angeles Lakers,,,,,,Crypto.com Arena,
Tue Feb 24 2026,11:00p,Minnesota Timberwolves,,Portland Trail Blazers,,,,,,Moda Center,
Wed Feb 25 2026,7:00p,Oklahoma City Thunder,,Detroit Pistons,,,,,,Little Caesars Arena,
Wed Feb 25 2026,7:30p,Golden State Warriors,,Memphis Grizzlies,,,,,,FedExForum,
Wed Feb 25 2026,7:30p,San Antonio Spurs,,Toronto Raptors,,,,,,Scotiabank Arena,
Wed Feb 25 2026,8:00p,Sacramento Kings,,Houston Rockets,,,,,,Toyota Center,
Wed Feb 25 2026,8:00p,Cleveland Cavaliers,,Milwaukee Bucks,,,,,,Fiserv Forum,
Wed Feb 25 2026,10:00p,Boston Celtics,,Denver Nuggets,,,,,,Ball Arena,
Thu Feb 26 2026,7:00p,Charlotte Hornets,,Indiana Pacers,,,,,,Gainbridge Fieldhouse,
Thu Feb 26 2026,7:00p,Miami Heat,,Philadelphia 76ers,,,,,,Xfinity Mobile Arena,
Thu Feb 26 2026,7:30p,Washington Wizards,,Atlanta Hawks,,,,,,State Farm Arena,
Thu Feb 26 2026,7:30p,San Antonio Spurs,,Brooklyn Nets,,,,,,Barclays Center,
Thu Feb 26 2026,7:30p,Houston Rockets,,Orlando Magic,,,,,,Kia Center,
Thu Feb 26 2026,8:00p,Portland Trail Blazers,,Chicago Bulls,,,,,,United Center,
Thu Feb 26 2026,8:30p,Sacramento Kings,,Dallas Mavericks,,,,,,American Airlines Center,
Thu Feb 26 2026,9:00p,Los Angeles Lakers,,Phoenix Suns,,,,,,PHX Arena,
Thu Feb 26 2026,9:00p,New Orleans Pelicans,,Utah Jazz,,,,,,Delta Center,
Thu Feb 26 2026,10:00p,Minnesota Timberwolves,,Los Angeles Clippers,,,,,,Intuit Dome,
Fri Feb 27 2026,7:00p,Cleveland Cavaliers,,Detroit Pistons,,,,,,Little Caesars Arena,
Fri Feb 27 2026,7:30p,Brooklyn Nets,,Boston Celtics,,,,,,TD Garden,
Fri Feb 27 2026,8:00p,New York Knicks,,Milwaukee Bucks,,,,,,Fiserv Forum,
Fri Feb 27 2026,8:30p,Memphis Grizzlies,,Dallas Mavericks,,,,,,American Airlines Center,
Fri Feb 27 2026,9:30p,Denver Nuggets,,Oklahoma City Thunder,,,,,,Paycom Center,
Sat Feb 28 2026,1:00p,Portland Trail Blazers,,Charlotte Hornets,,,,,,Spectrum Center,
Sat Feb 28 2026,3:00p,Houston Rockets,,Miami Heat,,,,,,Kaseya Center,
Sat Feb 28 2026,7:00p,Toronto Raptors,,Washington Wizards,,,,,,Capital One Arena,
Sat Feb 28 2026,8:30p,Los Angeles Lakers,,Golden State Warriors,,,,,,Chase Center,
Sat Feb 28 2026,9:30p,New Orleans Pelicans,,Utah Jazz,,,,,,Delta Center,
Sun Mar 1 2026,1:00p,San Antonio Spurs,,New York Knicks,,,,,,Madison Square Garden (IV),
Sun Mar 1 2026,3:30p,Cleveland Cavaliers,,Brooklyn Nets,,,,,,Barclays Center,
Sun Mar 1 2026,3:30p,Milwaukee Bucks,,Chicago Bulls,,,,,,United Center,
Sun Mar 1 2026,3:30p,Minnesota Timberwolves,,Denver Nuggets,,,,,,Ball Arena,
Sun Mar 1 2026,5:00p,Memphis Grizzlies,,Indiana Pacers,,,,,,Gainbridge Fieldhouse,
Sun Mar 1 2026,6:00p,Portland Trail Blazers,,Atlanta Hawks,,,,,,State Farm Arena,
Sun Mar 1 2026,6:00p,Philadelphia 76ers,,Boston Celtics,,,,,,TD Garden,
Sun Mar 1 2026,6:00p,Detroit Pistons,,Orlando Magic,,,,,,Kia Center,
Sun Mar 1 2026,8:00p,Oklahoma City Thunder,,Dallas Mavericks,,,,,,American Airlines Center,
Sun Mar 1 2026,9:00p,New Orleans Pelicans,,Los Angeles Clippers,,,,,,Intuit Dome,
Sun Mar 1 2026,9:30p,Sacramento Kings,,Los Angeles Lakers,,,,,,Crypto.com Arena,
Mon Mar 2 2026,7:00p,Houston Rockets,,Washington Wizards,,,,,,Capital One Arena,
Mon Mar 2 2026,7:30p,Boston Celtics,,Milwaukee Bucks,,,,,,Fiserv Forum,
Mon Mar 2 2026,9:00p,Denver Nuggets,,Utah Jazz,,,,,,Delta Center,
Mon Mar 2 2026,10:00p,Los Angeles Clippers,,Golden State Warriors,,,,,,Chase Center,
Tue Mar 3 2026,7:00p,Dallas Mavericks,,Charlotte Hornets,,,,,,Spectrum Center,
Tue Mar 3 2026,7:00p,Detroit Pistons,,Cleveland Cavaliers,,,,,,Rocket Arena,
Tue Mar 3 2026,7:00p,Washington Wizards,,Orlando Magic,,,,,,Kia Center,
Tue Mar 3 2026,7:30p,Brooklyn Nets,,Miami Heat,,,,,,Kaseya Center,
Tue Mar 3 2026,7:30p,New York Knicks,,Toronto Raptors,,,,,,Scotiabank Arena,
Tue Mar 3 2026,8:00p,Oklahoma City Thunder,,Chicago Bulls,,,,,,United Center,
Tue Mar 3 2026,8:00p,Memphis Grizzlies,,Minnesota Timberwolves,,,,,,Target Center,
Tue Mar 3 2026,8:00p,San Antonio Spurs,,Philadelphia 76ers,,,,,,Xfinity Mobile Arena,
Tue Mar 3 2026,10:30p,New Orleans Pelicans,,Los Angeles Lakers,,,,,,Crypto.com Arena,
Tue Mar 3 2026,11:00p,Phoenix Suns,,Sacramento Kings,,,,,,Golden 1 Center,
Wed Mar 4 2026,7:00p,Oklahoma City Thunder,,New York Knicks,,,,,,Madison Square Garden (IV),
Wed Mar 4 2026,7:30p,Charlotte Hornets,,Boston Celtics,,,,,,TD Garden,
Wed Mar 4 2026,7:30p,Utah Jazz,,Philadelphia 76ers,,,,,,Xfinity Mobile Arena,
Wed Mar 4 2026,8:00p,Portland Trail Blazers,,Memphis Grizzlies,,,,,,FedExForum,
Wed Mar 4 2026,9:30p,Atlanta Hawks,,Milwaukee Bucks,,,,,,Fiserv Forum,
Wed Mar 4 2026,10:30p,Indiana Pacers,,Los Angeles Clippers,,,,,,Intuit Dome,
Thu Mar 5 2026,7:00p,Dallas Mavericks,,Orlando Magic,,,,,,Kia Center,
Thu Mar 5 2026,7:00p,Utah Jazz,,Washington Wizards,,,,,,Capital One Arena,
Thu Mar 5 2026,7:30p,Golden State Warriors,,Houston Rockets,,,,,,Toyota Center,
Thu Mar 5 2026,7:30p,Brooklyn Nets,,Miami Heat,,,,,,Kaseya Center,
Thu Mar 5 2026,8:00p,Toronto Raptors,,Minnesota Timberwolves,,,,,,Target Center,
Thu Mar 5 2026,8:00p,Detroit Pistons,,San Antonio Spurs,,,,,,Frost Bank Center,
Thu Mar 5 2026,9:00p,Chicago Bulls,,Phoenix Suns,,,,,,PHX Arena,
Thu Mar 5 2026,10:00p,Los Angeles Lakers,,Denver Nuggets,,,,,,Ball Arena,
Thu Mar 5 2026,10:00p,New Orleans Pelicans,,Sacramento Kings,,,,,,Golden 1 Center,
Fri Mar 6 2026,7:00p,Dallas Mavericks,,Boston Celtics,,,,,,TD Garden,
Fri Mar 6 2026,7:00p,Miami Heat,,Charlotte Hornets,,,,,,Spectrum Center,
Fri Mar 6 2026,8:00p,Portland Trail Blazers,,Houston Rockets,,,,,,Toyota Center,
Fri Mar 6 2026,9:00p,New York Knicks,,Denver Nuggets,,,,,,Ball Arena,
Fri Mar 6 2026,9:00p,New Orleans Pelicans,,Phoenix Suns,,,,,,PHX Arena,
Fri Mar 6 2026,9:30p,Los Angeles Clippers,,San Antonio Spurs,,,,,,Frost Bank Center,
Fri Mar 6 2026,10:30p,Indiana Pacers,,Los Angeles Lakers,,,,,,Crypto.com Arena,
Sat Mar 7 2026,3:00p,Orlando Magic,,Minnesota Timberwolves,,,,,,Target Center,
Sat Mar 7 2026,6:00p,Brooklyn Nets,,Detroit Pistons,,,,,,Little Caesars Arena,
Sat Mar 7 2026,7:30p,Philadelphia 76ers,,Atlanta Hawks,,,,,,State Farm Arena,
Sat Mar 7 2026,8:00p,Los Angeles Clippers,,Memphis Grizzlies,,,,,,FedExForum,
Sat Mar 7 2026,8:00p,Utah Jazz,,Milwaukee Bucks,,,,,,Fiserv Forum,
Sat Mar 7 2026,8:30p,Golden State Warriors,,Oklahoma City Thunder,,,,,,Paycom Center,
Sun Mar 8 2026,1:00p,Boston Celtics,,Cleveland Cavaliers,,,,,,Rocket Arena,
Sun Mar 8 2026,3:30p,New York Knicks,,Los Angeles Lakers,,,,,,Crypto.com Arena,
Sun Mar 8 2026,6:00p,Detroit Pistons,,Miami Heat,,,,,,Kaseya Center,
Sun Mar 8 2026,6:00p,Dallas Mavericks,,Toronto Raptors,,,,,,Scotiabank Arena,
Sun Mar 8 2026,7:00p,Washington Wizards,,New Orleans Pelicans,,,,,,Smoothie King Center,
Sun Mar 8 2026,8:00p,Orlando Magic,,Milwaukee Bucks,,,,,,Fiserv Forum,
Sun Mar 8 2026,8:00p,Houston Rockets,,San Antonio Spurs,,,,,,Frost Bank Center,
Sun Mar 8 2026,9:00p,Charlotte Hornets,,Phoenix Suns,,,,,,PHX Arena,
Sun Mar 8 2026,9:00p,Indiana Pacers,,Portland Trail Blazers,,,,,,Moda Center,
Sun Mar 8 2026,9:00p,Chicago Bulls,,Sacramento Kings,,,,,,Golden 1 Center,
Mon Mar 9 2026,7:00p,Philadelphia 76ers,,Cleveland Cavaliers,,,,,,Rocket Arena,
Mon Mar 9 2026,7:30p,Memphis Grizzlies,,Brooklyn Nets,,,,,,Barclays Center,
Mon Mar 9 2026,7:30p,Denver Nuggets,,Oklahoma City Thunder,,,,,,Paycom Center,
Mon Mar 9 2026,9:00p,Golden State Warriors,,Utah Jazz,,,,,,Delta Center,
Mon Mar 9 2026,10:00p,New York Knicks,,Los Angeles Clippers,,,,,,Intuit Dome,
Tue Mar 10 2026,7:00p,Memphis Grizzlies,,Philadelphia 76ers,,,,,,Xfinity Mobile Arena,
Tue Mar 10 2026,7:30p,Detroit Pistons,,Brooklyn Nets,,,,,,Barclays Center,
Tue Mar 10 2026,7:30p,Washington Wizards,,Miami Heat,,,,,,Kaseya Center,
Tue Mar 10 2026,8:00p,Dallas Mavericks,,Atlanta Hawks,,,,,,State Farm Arena,
Tue Mar 10 2026,8:00p,Toronto Raptors,,Houston Rockets,,,,,,Toyota Center,
Tue Mar 10 2026,8:00p,Phoenix Suns,,Milwaukee Bucks,,,,,,Fiserv Forum,
Tue Mar 10 2026,8:00p,Boston Celtics,,San Antonio Spurs,,,,,,Frost Bank Center,
Tue Mar 10 2026,10:00p,Chicago Bulls,,Golden State Warriors,,,,,,Chase Center,
Tue Mar 10 2026,10:00p,Charlotte Hornets,,Portland Trail Blazers,,,,,,Moda Center,
Tue Mar 10 2026,10:00p,Indiana Pacers,,Sacramento Kings,,,,,,Golden 1 Center,
Tue Mar 10 2026,11:00p,Minnesota Timberwolves,,Los Angeles Lakers,,,,,,Crypto.com Arena,
Wed Mar 11 2026,7:30p,Cleveland Cavaliers,,Orlando Magic,,,,,,Kia Center,
Wed Mar 11 2026,8:00p,Toronto Raptors,,New Orleans Pelicans,,,,,,Smoothie King Center,
Wed Mar 11 2026,9:00p,New York Knicks,,Utah Jazz,,,,,,Delta Center,
Wed Mar 11 2026,10:00p,Houston Rockets,,Denver Nuggets,,,,,,Ball Arena,
Wed Mar 11 2026,10:00p,Charlotte Hornets,,Sacramento Kings,,,,,,Golden 1 Center,
Wed Mar 11 2026,10:30p,Minnesota Timberwolves,,Los Angeles Clippers,,,,,,Intuit Dome,
Thu Mar 12 2026,7:00p,Philadelphia 76ers,,Detroit Pistons,,,,,,Little Caesars Arena,
Thu Mar 12 2026,7:00p,Phoenix Suns,,Indiana Pacers,,,,,,Gainbridge Fieldhouse,
Thu Mar 12 2026,7:00p,Washington Wizards,,Orlando Magic,,,,,,Kia Center,
Thu Mar 12 2026,7:30p,Brooklyn Nets,,Atlanta Hawks,,,,,,State Farm Arena,
Thu Mar 12 2026,7:30p,Milwaukee Bucks,,Miami Heat,,,,,,Kaseya Center,
Thu Mar 12 2026,9:00p,Denver Nuggets,,San Antonio Spurs,,,,,,Frost Bank Center,
Thu Mar 12 2026,9:30p,Boston Celtics,,Oklahoma City Thunder,,,,,,Paycom Center,
Thu Mar 12 2026,10:30p,Chicago Bulls,,Los Angeles Lakers,,,,,,Crypto.com Arena,
Fri Mar 13 2026,7:30p,Memphis Grizzlies,,Detroit Pistons,,,,,,Little Caesars Arena,
Fri Mar 13 2026,7:30p,New York Knicks,,Indiana Pacers,,,,,,Gainbridge Fieldhouse,
Fri Mar 13 2026,7:30p,Phoenix Suns,,Toronto Raptors,,,,,,Scotiabank Arena,
Fri Mar 13 2026,8:00p,New Orleans Pelicans,,Houston Rockets,,,,,,Toyota Center,
Fri Mar 13 2026,8:30p,Cleveland Cavaliers,,Dallas Mavericks,,,,,,American Airlines Center,
Fri Mar 13 2026,10:00p,Minnesota Timberwolves,,Golden State Warriors,,,,,,Chase Center,
Fri Mar 13 2026,10:00p,Utah Jazz,,Portland Trail Blazers,,,,,,Moda Center,
Fri Mar 13 2026,10:30p,Chicago Bulls,,Los Angeles Clippers,,,,,,Intuit Dome,
Sat Mar 14 2026,1:00p,Brooklyn Nets,,Philadelphia 76ers,,,,,,Xfinity Mobile Arena,
Sat Mar 14 2026,3:00p,Milwaukee Bucks,,Atlanta Hawks,,,,,,State Farm Arena,
Sat Mar 14 2026,6:00p,Washington Wizards,,Boston Celtics,,,,,,TD Garden,
Sat Mar 14 2026,8:00p,Orlando Magic,,Miami Heat,,,,,,Kaseya Center,
Sat Mar 14 2026,8:00p,Charlotte Hornets,,San Antonio Spurs,,,,,,Frost Bank Center,
Sat Mar 14 2026,8:30p,Denver Nuggets,,Los Angeles Lakers,,,,,,Crypto.com Arena,
Sat Mar 14 2026,10:30p,Sacramento Kings,,Los Angeles Clippers,,,,,,Intuit Dome,
Sun Mar 15 2026,1:00p,Minnesota Timberwolves,,Oklahoma City Thunder,,,,,,Paycom Center,
Sun Mar 15 2026,3:30p,Dallas Mavericks,,Cleveland Cavaliers,,,,,,Rocket Arena,
Sun Mar 15 2026,3:30p,Indiana Pacers,,Milwaukee Bucks,,,,,,Fiserv Forum,
Sun Mar 15 2026,3:30p,Detroit Pistons,,Toronto Raptors,,,,,,Scotiabank Arena,
Sun Mar 15 2026,6:00p,Portland Trail Blazers,,Philadelphia 76ers,,,,,,Xfinity Mobile Arena,
Sun Mar 15 2026,8:00p,Golden State Warriors,,New York Knicks,,,,,,Madison Square Garden (IV),
Sun Mar 15 2026,10:00p,Utah Jazz,,Sacramento Kings,,,,,,Golden 1 Center,
Mon Mar 16 2026,7:00p,Orlando Magic,,Atlanta Hawks,,,,,,State Farm Arena,
Mon Mar 16 2026,7:00p,Golden State Warriors,,Washington Wizards,,,,,,Capital One Arena,
Mon Mar 16 2026,7:30p,Portland Trail Blazers,,Brooklyn Nets,,,,,,Barclays Center,
Mon Mar 16 2026,8:00p,Phoenix Suns,,Boston Celtics,,,,,,TD Garden,
Mon Mar 16 2026,8:00p,Memphis Grizzlies,,Chicago Bulls,,,,,,United Center,
Mon Mar 16 2026,8:00p,Dallas Mavericks,,New Orleans Pelicans,,,,,,Smoothie King Center,
Mon Mar 16 2026,9:00p,Los Angeles Lakers,,Houston Rockets,,,,,,Toyota Center,
Mon Mar 16 2026,10:30p,San Antonio Spurs,,Los Angeles Clippers,,,,,,Intuit Dome,
Tue Mar 17 2026,7:00p,Miami Heat,,Charlotte Hornets,,,,,,Spectrum Center,
Tue Mar 17 2026,7:00p,Oklahoma City Thunder,,Orlando Magic,,,,,,Kia Center,
Tue Mar 17 2026,7:00p,Detroit Pistons,,Washington Wizards,,,,,,Capital One Arena,
Tue Mar 17 2026,7:30p,Indiana Pacers,,New York Knicks,,,,,,Madison Square Garden (IV),
Tue Mar 17 2026,8:00p,Cleveland Cavaliers,,Milwaukee Bucks,,,,,,Fiserv Forum,
Tue Mar 17 2026,8:00p,Phoenix Suns,,Minnesota Timberwolves,,,,,,Target Center,
Tue Mar 17 2026,9:00p,Philadelphia 76ers,,Denver Nuggets,,,,,,Ball Arena,
Tue Mar 17 2026,11:00p,San Antonio Spurs,,Sacramento Kings,,,,,,Golden 1 Center,
Wed Mar 18 2026,7:00p,Golden State Warriors,,Boston Celtics,,,,,,TD Garden,
Wed Mar 18 2026,7:30p,Oklahoma City Thunder,,Brooklyn Nets,,,,,,Barclays Center,
Wed Mar 18 2026,7:30p,Portland Trail Blazers,,Indiana Pacers,,,,,,Gainbridge Fieldhouse,
Wed Mar 18 2026,8:00p,Toronto Raptors,,Chicago Bulls,,,,,,United Center,
Wed Mar 18 2026,8:00p,New York Knicks,,Memphis Grizzlies,,,,,,FedExForum,
Wed Mar 18 2026,8:00p,Utah Jazz,,Minnesota Timberwolves,,,,,,Target Center,
Wed Mar 18 2026,8:00p,Los Angeles Clippers,,New Orleans Pelicans,,,,,,Smoothie King Center,
Wed Mar 18 2026,8:30p,Atlanta Hawks,,Dallas Mavericks,,,,,,American Airlines Center,
Wed Mar 18 2026,9:30p,Los Angeles Lakers,,Houston Rockets,,,,,,Toyota Center,
Thu Mar 19 2026,7:00p,Orlando Magic,,Charlotte Hornets,,,,,,Spectrum Center,
Thu Mar 19 2026,7:00p,Detroit Pistons,,Washington Wizards,,,,,,Capital One Arena,
Thu Mar 19 2026,8:00p,Cleveland Cavaliers,,Chicago Bulls,,,,,,United Center,
Thu Mar 19 2026,8:00p,Los Angeles Lakers,,Miami Heat,,,,,,Kaseya Center,
Thu Mar 19 2026,8:00p,Los Angeles Clippers,,New Orleans Pelicans,,,,,,Smoothie King Center,
Thu Mar 19 2026,8:00p,Phoenix Suns,,San Antonio Spurs,,,,,,Frost Bank Center,
Thu Mar 19 2026,9:00p,Milwaukee Bucks,,Utah Jazz,,,,,,Delta Center,
Thu Mar 19 2026,10:00p,Philadelphia 76ers,,Sacramento Kings,,,,,,Golden 1 Center,
Fri Mar 20 2026,7:30p,New York Knicks,,Brooklyn Nets,,,,,,Barclays Center,
Fri Mar 20 2026,7:30p,Golden State Warriors,,Detroit Pistons,,,,,,Little Caesars Arena,
Fri Mar 20 2026,8:00p,Atlanta Hawks,,Houston Rockets,,,,,,Toyota Center,
Fri Mar 20 2026,8:00p,Boston Celtics,,Memphis Grizzlies,,,,,,FedExForum,
Fri Mar 20 2026,8:00p,Portland Trail Blazers,,Minnesota Timberwolves,,,,,,Target Center,
Fri Mar 20 2026,9:00p,Toronto Raptors,,Denver Nuggets,,,,,,Ball Arena,
Sat Mar 21 2026,5:00p,Oklahoma City Thunder,,Washington Wizards,,,,,,Capital One Arena,
Sat Mar 21 2026,7:00p,Memphis Grizzlies,,Charlotte Hornets,,,,,,Spectrum Center,
Sat Mar 21 2026,7:00p,Cleveland Cavaliers,,New Orleans Pelicans,,,,,,Smoothie King Center,
Sat Mar 21 2026,7:00p,Los Angeles Lakers,,Orlando Magic,,,,,,Kia Center,
Sat Mar 21 2026,8:00p,Golden State Warriors,,Atlanta Hawks,,,,,,State Farm Arena,
Sat Mar 21 2026,8:00p,Miami Heat,,Houston Rockets,,,,,,Toyota Center,
Sat Mar 21 2026,8:00p,Indiana Pacers,,San Antonio Spurs,,,,,,Frost Bank Center,
Sat Mar 21 2026,8:30p,Los Angeles Clippers,,Dallas Mavericks,,,,,,American Airlines Center,
Sat Mar 21 2026,9:30p,Philadelphia 76ers,,Utah Jazz,,,,,,Delta Center,
Sat Mar 21 2026,10:00p,Milwaukee Bucks,,Phoenix Suns,,,,,,PHX Arena,
Sun Mar 22 2026,5:00p,Portland Trail Blazers,,Denver Nuggets,,,,,,Ball Arena,
Sun Mar 22 2026,6:00p,Brooklyn Nets,,Sacramento Kings,,,,,,Golden 1 Center,
Sun Mar 22 2026,7:30p,Washington Wizards,,New York Knicks,,,,,,Madison Square Garden (IV),
Sun Mar 22 2026,8:00p,Minnesota Timberwolves,,Boston Celtics,,,,,,TD Garden,
Sun Mar 22 2026,9:00p,Toronto Raptors,,Phoenix Suns,,,,,,PHX Arena,
Mon Mar 23 2026,7:00p,Memphis Grizzlies,,Atlanta Hawks,,,,,,State Farm Arena,
Mon Mar 23 2026,7:00p,Los Angeles Lakers,,Detroit Pistons,,,,,,Little Caesars Arena,
Mon Mar 23 2026,7:00p,Indiana Pacers,,Orlando Magic,,,,,,Kia Center,
Mon Mar 23 2026,7:00p,Oklahoma City Thunder,,Philadelphia 76ers,,,,,,Xfinity Mobile Arena,
Mon Mar 23 2026,7:30p,San Antonio Spurs,,Miami Heat,,,,,,Kaseya Center,
Mon Mar 23 2026,8:00p,Houston Rockets,,Chicago Bulls,,,,,,United Center,
Mon Mar 23 2026,9:00p,Toronto Raptors,,Utah Jazz,,,,,,Delta Center,
Mon Mar 23 2026,9:30p,Golden State Warriors,,Dallas Mavericks,,,,,,American Airlines Center,
Mon Mar 23 2026,10:00p,Brooklyn Nets,,Portland Trail Blazers,,,,,,Moda Center,
Mon Mar 23 2026,10:30p,Milwaukee Bucks,,Los Angeles Clippers,,,,,,Intuit Dome,
Tue Mar 24 2026,7:00p,Sacramento Kings,,Charlotte Hornets,,,,,,Spectrum Center,
Tue Mar 24 2026,7:30p,New Orleans Pelicans,,New York Knicks,,,,,,Madison Square Garden (IV),
Tue Mar 24 2026,8:00p,Orlando Magic,,Cleveland Cavaliers,,,,,,Rocket Arena,
Tue Mar 24 2026,11:00p,Denver Nuggets,,Phoenix Suns,,,,,,PHX Arena,
Wed Mar 25 2026,7:00p,Atlanta Hawks,,Detroit Pistons,,,,,,Little Caesars Arena,
Wed Mar 25 2026,7:00p,Los Angeles Lakers,,Indiana Pacers,,,,,,Gainbridge Fieldhouse,
Wed Mar 25 2026,7:00p,Chicago Bulls,,Philadelphia 76ers,,,,,,Xfinity Mobile Arena,
Wed Mar 25 2026,7:30p,Oklahoma City Thunder,,Boston Celtics,,,,,,TD Garden,
Wed Mar 25 2026,7:30p,Miami Heat,,Cleveland Cavaliers,,,,,,Rocket Arena,
Wed Mar 25 2026,8:00p,San Antonio Spurs,,Memphis Grizzlies,,,,,,FedExForum,
Wed Mar 25 2026,9:00p,Washington Wizards,,Utah Jazz,,,,,,Delta Center,
Wed Mar 25 2026,9:30p,Houston Rockets,,Minnesota Timberwolves,,,,,,Target Center,
Wed Mar 25 2026,10:00p,Dallas Mavericks,,Denver Nuggets,,,,,,Ball Arena,
Wed Mar 25 2026,10:00p,Brooklyn Nets,,Golden State Warriors,,,,,,Chase Center,
Wed Mar 25 2026,10:00p,Milwaukee Bucks,,Portland Trail Blazers,,,,,,Moda Center,
Wed Mar 25 2026,10:30p,Toronto Raptors,,Los Angeles Clippers,,,,,,Intuit Dome,
Thu Mar 26 2026,7:00p,New York Knicks,,Charlotte Hornets,,,,,,Spectrum Center,
Thu Mar 26 2026,7:00p,New Orleans Pelicans,,Detroit Pistons,,,,,,Little Caesars Arena,
Thu Mar 26 2026,7:00p,Sacramento Kings,,Orlando Magic,,,,,,Kia Center,
Fri Mar 27 2026,7:00p,Los Angeles Clippers,,Indiana Pacers,,,,,,Gainbridge Fieldhouse,
Fri Mar 27 2026,7:30p,Atlanta Hawks,,Boston Celtics,,,,,,TD Garden,
Fri Mar 27 2026,7:30p,Miami Heat,,Cleveland Cavaliers,,,,,,Rocket Arena,
Fri Mar 27 2026,8:00p,Houston Rockets,,Memphis Grizzlies,,,,,,FedExForum,
Fri Mar 27 2026,8:00p,Chicago Bulls,,Oklahoma City Thunder,,,,,,Paycom Center,
Fri Mar 27 2026,8:30p,New Orleans Pelicans,,Toronto Raptors,,,,,,Scotiabank Arena,
Fri Mar 27 2026,9:00p,Utah Jazz,,Denver Nuggets,,,,,,Ball Arena,
Fri Mar 27 2026,10:00p,Washington Wizards,,Golden State Warriors,,,,,,Chase Center,
Fri Mar 27 2026,10:00p,Dallas Mavericks,,Portland Trail Blazers,,,,,,Moda Center,
Fri Mar 27 2026,10:30p,Brooklyn Nets,,Los Angeles Lakers,,,,,,Crypto.com Arena,
Sat Mar 28 2026,3:00p,San Antonio Spurs,,Milwaukee Bucks,,,,,,Fiserv Forum,
Sat Mar 28 2026,6:00p,Philadelphia 76ers,,Charlotte Hornets,,,,,,Spectrum Center,
Sat Mar 28 2026,7:30p,Sacramento Kings,,Atlanta Hawks,,,,,,State Farm Arena,
Sat Mar 28 2026,8:00p,Chicago Bulls,,Memphis Grizzlies,,,,,,FedExForum,
Sat Mar 28 2026,8:00p,Detroit Pistons,,Minnesota Timberwolves,,,,,,Target Center,
Sat Mar 28 2026,10:00p,Utah Jazz,,Phoenix Suns,,,,,,PHX Arena,
Sun Mar 29 2026,3:30p,Los Angeles Clippers,,Milwaukee Bucks,,,,,,Fiserv Forum,
Sun Mar 29 2026,5:00p,Miami Heat,,Indiana Pacers,,,,,,Gainbridge Fieldhouse,
Sun Mar 29 2026,6:00p,Sacramento Kings,,Brooklyn Nets,,,,,,Barclays Center,
Sun Mar 29 2026,6:00p,Boston Celtics,,Charlotte Hornets,,,,,,Spectrum Center,
Sun Mar 29 2026,6:00p,Washington Wizards,,Portland Trail Blazers,,,,,,Moda Center,
Sun Mar 29 2026,6:00p,Orlando Magic,,Toronto Raptors,,,,,,Scotiabank Arena,
Sun Mar 29 2026,7:00p,Houston Rockets,,New Orleans Pelicans,,,,,,Smoothie King Center,
Sun Mar 29 2026,7:30p,New York Knicks,,Oklahoma City Thunder,,,,,,Paycom Center,
Sun Mar 29 2026,10:00p,Golden State Warriors,,Denver Nuggets,,,,,,Ball Arena,
Mon Mar 30 2026,7:00p,Philadelphia 76ers,,Miami Heat,,,,,,Kaseya Center,
Mon Mar 30 2026,7:30p,Boston Celtics,,Atlanta Hawks,,,,,,State Farm Arena,
Mon Mar 30 2026,8:00p,Phoenix Suns,,Memphis Grizzlies,,,,,,FedExForum,
Mon Mar 30 2026,8:00p,Chicago Bulls,,San Antonio Spurs,,,,,,Frost Bank Center,
Mon Mar 30 2026,8:30p,Minnesota Timberwolves,,Dallas Mavericks,,,,,,American Airlines Center,
Mon Mar 30 2026,9:00p,Cleveland Cavaliers,,Utah Jazz,,,,,,Delta Center,
Mon Mar 30 2026,9:30p,Detroit Pistons,,Oklahoma City Thunder,,,,,,Paycom Center,
Mon Mar 30 2026,10:00p,Washington Wizards,,Los Angeles Lakers,,,,,,Crypto.com Arena,
Tue Mar 31 2026,7:00p,Phoenix Suns,,Orlando Magic,,,,,,Kia Center,
Tue Mar 31 2026,7:30p,Charlotte Hornets,,Brooklyn Nets,,,,,,Barclays Center,
Tue Mar 31 2026,8:00p,Toronto Raptors,,Detroit Pistons,,,,,,Little Caesars Arena,
Tue Mar 31 2026,8:00p,New York Knicks,,Houston Rockets,,,,,,Toyota Center,
Tue Mar 31 2026,10:30p,Cleveland Cavaliers,,Los Angeles Lakers,,,,,,Crypto.com Arena,
Tue Mar 31 2026,11:00p,Portland Trail Blazers,,Los Angeles Clippers,,,,,,Intuit Dome,
Wed Apr 1 2026,7:00p,Philadelphia 76ers,,Washington Wizards,,,,,,Capital One Arena,
Wed Apr 1 2026,7:30p,Boston Celtics,,Miami Heat,,,,,,Kaseya Center,
Wed Apr 1 2026,7:30p,Atlanta Hawks,,Orlando Magic,,,,,,Kia Center,
Wed Apr 1 2026,8:00p,Indiana Pacers,,Chicago Bulls,,,,,,United Center,
Wed Apr 1 2026,8:00p,Milwaukee Bucks,,Houston Rockets,,,,,,Toyota Center,
Wed Apr 1 2026,8:00p,Dallas Mavericks,,Memphis Grizzlies,,,,,,FedExForum,
Wed Apr 1 2026,8:00p,Sacramento Kings,,Toronto Raptors,,,,,,Scotiabank Arena,
Wed Apr 1 2026,9:00p,Denver Nuggets,,Utah Jazz,,,,,,Delta Center,
Wed Apr 1 2026,10:00p,San Antonio Spurs,,Golden State Warriors,,,,,,Chase Center,
Thu Apr 2 2026,7:00p,Phoenix Suns,,Charlotte Hornets,,,,,,Spectrum Center,
Thu Apr 2 2026,7:00p,Minnesota Timberwolves,,Detroit Pistons,,,,,,Little Caesars Arena,
Thu Apr 2 2026,7:30p,Los Angeles Lakers,,Oklahoma City Thunder,,,,,,Paycom Center,
Thu Apr 2 2026,10:00p,Cleveland Cavaliers,,Golden State Warriors,,,,,,Chase Center,
Thu Apr 2 2026,10:00p,New Orleans Pelicans,,Portland Trail Blazers,,,,,,Moda Center,
Thu Apr 2 2026,10:30p,San Antonio Spurs,,Los Angeles Clippers,,,,,,Intuit Dome,
Fri Apr 3 2026,7:00p,Indiana Pacers,,Charlotte Hornets,,,,,,Spectrum Center,
Fri Apr 3 2026,7:00p,Minnesota Timberwolves,,Philadelphia 76ers,,,,,,Xfinity Mobile Arena,
Fri Apr 3 2026,7:30p,Atlanta Hawks,,Brooklyn Nets,,,,,,Barclays Center,
Fri Apr 3 2026,7:30p,Chicago Bulls,,New York Knicks,,,,,,Madison Square Garden (IV),
Fri Apr 3 2026,8:00p,Utah Jazz,,Houston Rockets,,,,,,Toyota Center,
Fri Apr 3 2026,8:00p,Toronto Raptors,,Memphis Grizzlies,,,,,,FedExForum,
Fri Apr 3 2026,8:00p,Boston Celtics,,Milwaukee Bucks,,,,,,Fiserv Forum,
Fri Apr 3 2026,8:30p,Orlando Magic,,Dallas Mavericks,,,,,,American Airlines Center,
Fri Apr 3 2026,10:00p,New Orleans Pelicans,,Sacramento Kings,,,,,,Golden 1 Center,
Sat Apr 4 2026,3:00p,Washington Wizards,,Miami Heat,,,,,,Kaseya Center,
Sat Apr 4 2026,3:00p,San Antonio Spurs,,Denver Nuggets,,,,,,Ball Arena,
Sat Apr 4 2026,7:00p,Detroit Pistons,,Philadelphia 76ers,,,,,,Xfinity Mobile Arena,
Sun Apr 5 2026,3:30p,Toronto Raptors,,Boston Celtics,,,,,,TD Garden,
Sun Apr 5 2026,3:30p,Washington Wizards,,Brooklyn Nets,,,,,,Barclays Center,
Sun Apr 5 2026,3:30p,Phoenix Suns,,Chicago Bulls,,,,,,United Center,
Sun Apr 5 2026,3:30p,Memphis Grizzlies,,Milwaukee Bucks,,,,,,Fiserv Forum,
Sun Apr 5 2026,6:00p,Indiana Pacers,,Cleveland Cavaliers,,,,,,Rocket Arena,
Sun Apr 5 2026,7:00p,Charlotte Hornets,,Minnesota Timberwolves,,,,,,Target Center,
Sun Apr 5 2026,7:00p,Orlando Magic,,New Orleans Pelicans,,,,,,Smoothie King Center,
Sun Apr 5 2026,7:00p,Utah Jazz,,Oklahoma City Thunder,,,,,,Paycom Center,
Sun Apr 5 2026,7:30p,Los Angeles Lakers,,Dallas Mavericks,,,,,,American Airlines Center,
Sun Apr 5 2026,9:00p,Los Angeles Clippers,,Sacramento Kings,,,,,,Golden 1 Center,
Sun Apr 5 2026,10:00p,Houston Rockets,,Golden State Warriors,,,,,,Chase Center,
Mon Apr 6 2026,7:00p,New York Knicks,,Atlanta Hawks,,,,,,State Farm Arena,
Mon Apr 6 2026,7:00p,Detroit Pistons,,Orlando Magic,,,,,,Kia Center,
Mon Apr 6 2026,8:00p,Cleveland Cavaliers,,Memphis Grizzlies,,,,,,FedExForum,
Mon Apr 6 2026,8:00p,Philadelphia 76ers,,San Antonio Spurs,,,,,,Frost Bank Center,
Mon Apr 6 2026,9:00p,Portland Trail Blazers,,Denver Nuggets,,,,,,Ball Arena,
Tue Apr 7 2026,7:00p,Chicago Bulls,,Washington Wizards,,,,,,Capital One Arena,
Tue Apr 7 2026,7:30p,Charlotte Hornets,,Boston Celtics,,,,,,TD Garden,
Tue Apr 7 2026,7:30p,Milwaukee Bucks,,Brooklyn Nets,,,,,,Barclays Center,
Tue Apr 7 2026,7:30p,Miami Heat,,Toronto Raptors,,,,,,Scotiabank Arena,
Tue Apr 7 2026,8:00p,Minnesota Timberwolves,,Indiana Pacers,,,,,,Gainbridge Fieldhouse,
Tue Apr 7 2026,8:00p,Utah Jazz,,New Orleans Pelicans,,,,,,Smoothie King Center,
Tue Apr 7 2026,10:00p,Sacramento Kings,,Golden State Warriors,,,,,,Chase Center,
Tue Apr 7 2026,10:30p,Oklahoma City Thunder,,Los Angeles Lakers,,,,,,Crypto.com Arena,
Tue Apr 7 2026,10:30p,Dallas Mavericks,,Los Angeles Clippers,,,,,,Intuit Dome,
Tue Apr 7 2026,11:00p,Houston Rockets,,Phoenix Suns,,,,,,PHX Arena,
Wed Apr 8 2026,7:00p,Atlanta Hawks,,Cleveland Cavaliers,,,,,,Rocket Arena,
Wed Apr 8 2026,7:00p,Minnesota Timberwolves,,Orlando Magic,,,,,,Kia Center,
Wed Apr 8 2026,7:30p,Milwaukee Bucks,,Detroit Pistons,,,,,,Little Caesars Arena,
Wed Apr 8 2026,8:00p,Portland Trail Blazers,,San Antonio Spurs,,,,,,Frost Bank Center,
Wed Apr 8 2026,9:00p,Memphis Grizzlies,,Denver Nuggets,,,,,,Ball Arena,
Wed Apr 8 2026,10:00p,Oklahoma City Thunder,,Los Angeles Clippers,,,,,,Intuit Dome,
Wed Apr 8 2026,10:00p,Dallas Mavericks,,Phoenix Suns,,,,,,PHX Arena,
Thu Apr 9 2026,7:00p,Miami Heat,,Toronto Raptors,,,,,,Scotiabank Arena,
Thu Apr 9 2026,7:00p,Chicago Bulls,,Washington Wizards,,,,,,Capital One Arena,
Thu Apr 9 2026,7:30p,Indiana Pacers,,Brooklyn Nets,,,,,,Barclays Center,
Thu Apr 9 2026,7:30p,Boston Celtics,,New York Knicks,,,,,,Madison Square Garden (IV),
Thu Apr 9 2026,8:00p,Philadelphia 76ers,,Houston Rockets,,,,,,Toyota Center,
Thu Apr 9 2026,10:00p,Los Angeles Lakers,,Golden State Warriors,,,,,,Chase Center,
Fri Apr 10 2026,7:00p,Miami Heat,,Washington Wizards,,,,,,Capital One Arena,
Fri Apr 10 2026,7:00p,Detroit Pistons,,Charlotte Hornets,,,,,,Spectrum Center,
Fri Apr 10 2026,7:30p,New Orleans Pelicans,,Boston Celtics,,,,,,TD Garden,
Fri Apr 10 2026,7:30p,Philadelphia 76ers,,Indiana Pacers,,,,,,Gainbridge Fieldhouse,
Fri Apr 10 2026,7:30p,Cleveland Cavaliers,,Atlanta Hawks,,,,,,State Farm Arena,
Fri Apr 10 2026,7:30p,Toronto Raptors,,New York Knicks,,,,,,Madison Square Garden (IV),
Fri Apr 10 2026,8:00p,Orlando Magic,,Chicago Bulls,,,,,,United Center,
Fri Apr 10 2026,8:00p,Minnesota Timberwolves,,Houston Rockets,,,,,,Toyota Center,
Fri Apr 10 2026,8:00p,Brooklyn Nets,,Milwaukee Bucks,,,,,,Fiserv Forum,
Fri Apr 10 2026,8:00p,Dallas Mavericks,,San Antonio Spurs,,,,,,Frost Bank Center,
Fri Apr 10 2026,9:30p,Memphis Grizzlies,,Utah Jazz,,,,,,Delta Center,
Fri Apr 10 2026,10:00p,Oklahoma City Thunder,,Denver Nuggets,,,,,,Ball Arena,
Fri Apr 10 2026,10:00p,Los Angeles Clippers,,Portland Trail Blazers,,,,,,Moda Center,
Fri Apr 10 2026,10:00p,Golden State Warriors,,Sacramento Kings,,,,,,Golden 1 Center,
Fri Apr 10 2026,10:30p,Phoenix Suns,,Los Angeles Lakers,,,,,,Crypto.com Arena,
Sun Apr 12 2026,6:00p,Orlando Magic,,Boston Celtics,,,,,,TD Garden,
Sun Apr 12 2026,6:00p,Washington Wizards,,Cleveland Cavaliers,,,,,,Rocket Arena,
Sun Apr 12 2026,6:00p,Detroit Pistons,,Indiana Pacers,,,,,,Gainbridge Fieldhouse,
Sun Apr 12 2026,6:00p,Atlanta Hawks,,Miami Heat,,,,,,Kaseya Center,
Sun Apr 12 2026,6:00p,Charlotte Hornets,,New York Knicks,,,,,,Madison Square Garden (IV),
Sun Apr 12 2026,6:00p,Milwaukee Bucks,,Philadelphia 76ers,,,,,,Xfinity Mobile Arena,
Sun Apr 12 2026,6:00p,Brooklyn Nets,,Toronto Raptors,,,,,,Scotiabank Arena,
Sun Apr 12 2026,8:30p,Chicago Bulls,,Dallas Mavericks,,,,,,American Airlines Center,
Sun Apr 12 2026,8:30p,Memphis Grizzlies,,Houston Rockets,,,,,,Toyota Center,
Sun Apr 12 2026,8:30p,Golden State Warriors,,Los Angeles Clippers,,,,,,Intuit Dome,
Sun Apr 12 2026,8:30p,Utah Jazz,,Los Angeles Lakers,,,,,,Crypto.com Arena,
Sun Apr 12 2026,8:30p,New Orleans Pelicans,,Minnesota Timberwolves,,,,,,Target Center,
Sun Apr 12 2026,8:30p,Phoenix Suns,,Oklahoma City Thunder,,,,,,Paycom Center,
Sun Apr 12 2026,8:30p,Sacramento Kings,,Portland Trail Blazers,,,,,,Moda Center,
Sun Apr 12 2026,8:30p,Denver Nuggets,,San Antonio Spurs,,,,,,Frost Bank Center,
